camp_id,block_id,variable,count
CXB-214,CXB-214_A073,n_family,1250
CXB-214,CXB-214_A073,n_individuals,5948
CXB-214,CXB-214_A073,f_below_1,98
CXB-214,CXB-214_A073,m_below_1,78
CXB-214,CXB-214_A073,f_1_to_4,422
CXB-214,CXB-214_A073,m_1_to_5,422
CXB-214,CXB-214_A073,f_5_to_11,679
CXB-214,CXB-214_A073,m_5_to_11,651
CXB-214,CXB-214_A073,f_12_to_17,409
CXB-214,CXB-214_A073,m_12_to_17,413
CXB-214,CXB-214_A073,f_18_to_59,1460
CXB-214,CXB-214_A073,m_18_to_59,1116
CXB-214,CXB-214_A073,f_60_plus,91
CXB-214,CXB-214_A073,m_60_plus,109
CXB-214,CXB-214_B074,n_family,1088
CXB-214,CXB-214_B074,n_individuals,5227
CXB-214,CXB-214_B074,f_below_1,78
CXB-214,CXB-214_B074,m_below_1,87
CXB-214,CXB-214_B074,f_1_to_4,329
CXB-214,CXB-214_B074,m_1_to_5,369
CXB-214,CXB-214_B074,f_5_to_11,564
CXB-214,CXB-214_B074,m_5_to_11,623
CXB-214,CXB-214_B074,f_12_to_17,339
CXB-214,CXB-214_B074,m_12_to_17,378
CXB-214,CXB-214_B074,f_18_to_59,1265
CXB-214,CXB-214_B074,m_18_to_59,1009
CXB-214,CXB-214_B074,f_60_plus,86
CXB-214,CXB-214_B074,m_60_plus,100
CXB-214,CXB-214_C075,n_family,1075
CXB-214,CXB-214_C075,n_individuals,4942
CXB-214,CXB-214_C075,f_below_1,76
CXB-214,CXB-214_C075,m_below_1,71
CXB-214,CXB-214_C075,f_1_to_4,338
CXB-214,CXB-214_C075,m_1_to_5,377
CXB-214,CXB-214_C075,f_5_to_11,553
CXB-214,CXB-214_C075,m_5_to_11,539
CXB-214,CXB-214_C075,f_12_to_17,305
CXB-214,CXB-214_C075,m_12_to_17,334
CXB-214,CXB-214_C075,f_18_to_59,1209
CXB-214,CXB-214_C075,m_18_to_59,966
CXB-214,CXB-214_C075,f_60_plus,81
CXB-214,CXB-214_C075,m_60_plus,93
CXB-214,CXB-214_D076,n_family,844
CXB-214,CXB-214_D076,n_individuals,4004
CXB-214,CXB-214_D076,f_below_1,48
CXB-214,CXB-214_D076,m_below_1,72
CXB-214,CXB-214_D076,f_1_to_4,253
CXB-214,CXB-214_D076,m_1_to_5,264
CXB-214,CXB-214_D076,f_5_to_11,416
CXB-214,CXB-214_D076,m_5_to_11,460
CXB-214,CXB-214_D076,f_12_to_17,263
CXB-214,CXB-214_D076,m_12_to_17,280
CXB-214,CXB-214_D076,f_18_to_59,995
CXB-214,CXB-214_D076,m_18_to_59,808
CXB-214,CXB-214_D076,f_60_plus,55
CXB-214,CXB-214_D076,m_60_plus,90
CXB-214,CXB-214_E077,n_family,1109
CXB-214,CXB-214_E077,n_individuals,5143
CXB-214,CXB-214_E077,f_below_1,71
CXB-214,CXB-214_E077,m_below_1,76
CXB-214,CXB-214_E077,f_1_to_4,342
CXB-214,CXB-214_E077,m_1_to_5,336
CXB-214,CXB-214_E077,f_5_to_11,558
CXB-214,CXB-214_E077,m_5_to_11,606
CXB-214,CXB-214_E077,f_12_to_17,296
CXB-214,CXB-214_E077,m_12_to_17,358
CXB-214,CXB-214_E077,f_18_to_59,1288
CXB-214,CXB-214_E077,m_18_to_59,1037
CXB-214,CXB-214_E077,f_60_plus,76
CXB-214,CXB-214_E077,m_60_plus,99
CXB-214,CXB-214_F078,n_family,982
CXB-214,CXB-214_F078,n_individuals,4582
CXB-214,CXB-214_F078,f_below_1,72
CXB-214,CXB-214_F078,m_below_1,64
CXB-214,CXB-214_F078,f_1_to_4,288
CXB-214,CXB-214_F078,m_1_to_5,278
CXB-214,CXB-214_F078,f_5_to_11,429
CXB-214,CXB-214_F078,m_5_to_11,503
CXB-214,CXB-214_F078,f_12_to_17,312
CXB-214,CXB-214_F078,m_12_to_17,298
CXB-214,CXB-214_F078,f_18_to_59,1169
CXB-214,CXB-214_F078,m_18_to_59,990
CXB-214,CXB-214_F078,f_60_plus,81
CXB-214,CXB-214_F078,m_60_plus,98
CXB-217,CXB-217_A079,n_family,1136
CXB-217,CXB-217_A079,n_individuals,5638
CXB-217,CXB-217_A079,f_below_1,80
CXB-217,CXB-217_A079,m_below_1,81
CXB-217,CXB-217_A079,f_1_to_4,332
CXB-217,CXB-217_A079,m_1_to_5,321
CXB-217,CXB-217_A079,f_5_to_11,671
CXB-217,CXB-217_A079,m_5_to_11,662
CXB-217,CXB-217_A079,f_12_to_17,368
CXB-217,CXB-217_A079,m_12_to_17,440
CXB-217,CXB-217_A079,f_18_to_59,1326
CXB-217,CXB-217_A079,m_18_to_59,1152
CXB-217,CXB-217_A079,f_60_plus,80
CXB-217,CXB-217_A079,m_60_plus,125
CXB-217,CXB-217_B080,n_family,963
CXB-217,CXB-217_B080,n_individuals,4557
CXB-217,CXB-217_B080,f_below_1,64
CXB-217,CXB-217_B080,m_below_1,63
CXB-217,CXB-217_B080,f_1_to_4,307
CXB-217,CXB-217_B080,m_1_to_5,253
CXB-217,CXB-217_B080,f_5_to_11,528
CXB-217,CXB-217_B080,m_5_to_11,555
CXB-217,CXB-217_B080,f_12_to_17,304
CXB-217,CXB-217_B080,m_12_to_17,323
CXB-217,CXB-217_B080,f_18_to_59,1095
CXB-217,CXB-217_B080,m_18_to_59,914
CXB-217,CXB-217_B080,f_60_plus,60
CXB-217,CXB-217_B080,m_60_plus,91
CXB-217,CXB-217_C081,n_family,1280
CXB-217,CXB-217_C081,n_individuals,6031
CXB-217,CXB-217_C081,f_below_1,79
CXB-217,CXB-217_C081,m_below_1,74
CXB-217,CXB-217_C081,f_1_to_4,334
CXB-217,CXB-217_C081,m_1_to_5,382
CXB-217,CXB-217_C081,f_5_to_11,678
CXB-217,CXB-217_C081,m_5_to_11,647
CXB-217,CXB-217_C081,f_12_to_17,377
CXB-217,CXB-217_C081,m_12_to_17,444
CXB-217,CXB-217_C081,f_18_to_59,1503
CXB-217,CXB-217_C081,m_18_to_59,1279
CXB-217,CXB-217_C081,f_60_plus,105
CXB-217,CXB-217_C081,m_60_plus,129
CXB-217,CXB-217_D082,n_family,1039
CXB-217,CXB-217_D082,n_individuals,4993
CXB-217,CXB-217_D082,f_below_1,62
CXB-217,CXB-217_D082,m_below_1,71
CXB-217,CXB-217_D082,f_1_to_4,275
CXB-217,CXB-217_D082,m_1_to_5,304
CXB-217,CXB-217_D082,f_5_to_11,584
CXB-217,CXB-217_D082,m_5_to_11,583
CXB-217,CXB-217_D082,f_12_to_17,318
CXB-217,CXB-217_D082,m_12_to_17,356
CXB-217,CXB-217_D082,f_18_to_59,1219
CXB-217,CXB-217_D082,m_18_to_59,1029
CXB-217,CXB-217_D082,f_60_plus,92
CXB-217,CXB-217_D082,m_60_plus,100
CXB-217,CXB-217_E083,n_family,840
CXB-217,CXB-217_E083,n_individuals,4091
CXB-217,CXB-217_E083,f_below_1,48
CXB-217,CXB-217_E083,m_below_1,46
CXB-217,CXB-217_E083,f_1_to_4,224
CXB-217,CXB-217_E083,m_1_to_5,271
CXB-217,CXB-217_E083,f_5_to_11,476
CXB-217,CXB-217_E083,m_5_to_11,476
CXB-217,CXB-217_E083,f_12_to_17,266
CXB-217,CXB-217_E083,m_12_to_17,304
CXB-217,CXB-217_E083,f_18_to_59,997
CXB-217,CXB-217_E083,m_18_to_59,842
CXB-217,CXB-217_E083,f_60_plus,53
CXB-217,CXB-217_E083,m_60_plus,88
CXB-217,CXB-217_F084,n_family,880
CXB-217,CXB-217_F084,n_individuals,4307
CXB-217,CXB-217_F084,f_below_1,52
CXB-217,CXB-217_F084,m_below_1,45
CXB-217,CXB-217_F084,f_1_to_4,268
CXB-217,CXB-217_F084,m_1_to_5,245
CXB-217,CXB-217_F084,f_5_to_11,507
CXB-217,CXB-217_F084,m_5_to_11,532
CXB-217,CXB-217_F084,f_12_to_17,295
CXB-217,CXB-217_F084,m_12_to_17,300
CXB-217,CXB-217_F084,f_18_to_59,1047
CXB-217,CXB-217_F084,m_18_to_59,840
CXB-217,CXB-217_F084,f_60_plus,81
CXB-217,CXB-217_F084,m_60_plus,95
CXB-218,CXB-218_A085,n_family,2415
CXB-218,CXB-218_A085,n_individuals,11966
CXB-218,CXB-218_A085,f_below_1,133
CXB-218,CXB-218_A085,m_below_1,126
CXB-218,CXB-218_A085,f_1_to_4,724
CXB-218,CXB-218_A085,m_1_to_5,793
CXB-218,CXB-218_A085,f_5_to_11,1210
CXB-218,CXB-218_A085,m_5_to_11,1347
CXB-218,CXB-218_A085,f_12_to_17,871
CXB-218,CXB-218_A085,m_12_to_17,930
CXB-218,CXB-218_A085,f_18_to_59,2953
CXB-218,CXB-218_A085,m_18_to_59,2405
CXB-218,CXB-218_A085,f_60_plus,224
CXB-218,CXB-218_A085,m_60_plus,250
CXB-218,CXB-218_B086,n_family,644
CXB-218,CXB-218_B086,n_individuals,3082
CXB-218,CXB-218_B086,f_below_1,45
CXB-218,CXB-218_B086,m_below_1,42
CXB-218,CXB-218_B086,f_1_to_4,231
CXB-218,CXB-218_B086,m_1_to_5,194
CXB-218,CXB-218_B086,f_5_to_11,323
CXB-218,CXB-218_B086,m_5_to_11,363
CXB-218,CXB-218_B086,f_12_to_17,201
CXB-218,CXB-218_B086,m_12_to_17,218
CXB-218,CXB-218_B086,f_18_to_59,720
CXB-218,CXB-218_B086,m_18_to_59,606
CXB-218,CXB-218_B086,f_60_plus,69
CXB-218,CXB-218_B086,m_60_plus,70
CXB-218,CXB-218_C087,n_family,1128
CXB-218,CXB-218_C087,n_individuals,5439
CXB-218,CXB-218_C087,f_below_1,69
CXB-218,CXB-218_C087,m_below_1,71
CXB-218,CXB-218_C087,f_1_to_4,358
CXB-218,CXB-218_C087,m_1_to_5,377
CXB-218,CXB-218_C087,f_5_to_11,583
CXB-218,CXB-218_C087,m_5_to_11,597
CXB-218,CXB-218_C087,f_12_to_17,389
CXB-218,CXB-218_C087,m_12_to_17,386
CXB-218,CXB-218_C087,f_18_to_59,1329
CXB-218,CXB-218_C087,m_18_to_59,1082
CXB-218,CXB-218_C087,f_60_plus,96
CXB-218,CXB-218_C087,m_60_plus,102
CXB-218,CXB-218_D088,n_family,924
CXB-218,CXB-218_D088,n_individuals,4328
CXB-218,CXB-218_D088,f_below_1,44
CXB-218,CXB-218_D088,m_below_1,60
CXB-218,CXB-218_D088,f_1_to_4,316
CXB-218,CXB-218_D088,m_1_to_5,323
CXB-218,CXB-218_D088,f_5_to_11,473
CXB-218,CXB-218_D088,m_5_to_11,474
CXB-218,CXB-218_D088,f_12_to_17,282
CXB-218,CXB-218_D088,m_12_to_17,302
CXB-218,CXB-218_D088,f_18_to_59,1063
CXB-218,CXB-218_D088,m_18_to_59,823
CXB-218,CXB-218_D088,f_60_plus,70
CXB-218,CXB-218_D088,m_60_plus,98
CXB-220,CXB-220_A089,n_family,1943
CXB-220,CXB-220_A089,n_individuals,9233
CXB-220,CXB-220_A089,f_below_1,95
CXB-220,CXB-220_A089,m_below_1,105
CXB-220,CXB-220_A089,f_1_to_4,567
CXB-220,CXB-220_A089,m_1_to_5,593
CXB-220,CXB-220_A089,f_5_to_11,1046
CXB-220,CXB-220_A089,m_5_to_11,1073
CXB-220,CXB-220_A089,f_12_to_17,547
CXB-220,CXB-220_A089,m_12_to_17,704
CXB-220,CXB-220_A089,f_18_to_59,2290
CXB-220,CXB-220_A089,m_18_to_59,1846
CXB-220,CXB-220_A089,f_60_plus,165
CXB-220,CXB-220_A089,m_60_plus,202
CXB-220,CXB-220_B090,n_family,1266
CXB-220,CXB-220_B090,n_individuals,6025
CXB-220,CXB-220_B090,f_below_1,69
CXB-220,CXB-220_B090,m_below_1,80
CXB-220,CXB-220_B090,f_1_to_4,334
CXB-220,CXB-220_B090,m_1_to_5,386
CXB-220,CXB-220_B090,f_5_to_11,680
CXB-220,CXB-220_B090,m_5_to_11,724
CXB-220,CXB-220_B090,f_12_to_17,399
CXB-220,CXB-220_B090,m_12_to_17,416
CXB-220,CXB-220_B090,f_18_to_59,1481
CXB-220,CXB-220_B090,m_18_to_59,1226
CXB-220,CXB-220_B090,f_60_plus,103
CXB-220,CXB-220_B090,m_60_plus,127
CXB-220,CXB-220_C091,n_family,1413
CXB-220,CXB-220_C091,n_individuals,6247
CXB-220,CXB-220_C091,f_below_1,77
CXB-220,CXB-220_C091,m_below_1,100
CXB-220,CXB-220_C091,f_1_to_4,379
CXB-220,CXB-220_C091,m_1_to_5,399
CXB-220,CXB-220_C091,f_5_to_11,734
CXB-220,CXB-220_C091,m_5_to_11,697
CXB-220,CXB-220_C091,f_12_to_17,418
CXB-220,CXB-220_C091,m_12_to_17,429
CXB-220,CXB-220_C091,f_18_to_59,1555
CXB-220,CXB-220_C091,m_18_to_59,1211
CXB-220,CXB-220_C091,f_60_plus,117
CXB-220,CXB-220_C091,m_60_plus,131
CXB-220,CXB-220_D092,n_family,1145
CXB-220,CXB-220_D092,n_individuals,5745
CXB-220,CXB-220_D092,f_below_1,53
CXB-220,CXB-220_D092,m_below_1,82
CXB-220,CXB-220_D092,f_1_to_4,329
CXB-220,CXB-220_D092,m_1_to_5,388
CXB-220,CXB-220_D092,f_5_to_11,673
CXB-220,CXB-220_D092,m_5_to_11,713
CXB-220,CXB-220_D092,f_12_to_17,391
CXB-220,CXB-220_D092,m_12_to_17,427
CXB-220,CXB-220_D092,f_18_to_59,1351
CXB-220,CXB-220_D092,m_18_to_59,1120
CXB-220,CXB-220_D092,f_60_plus,93
CXB-220,CXB-220_D092,m_60_plus,125
CXB-220,CXB-220_E093,n_family,889
CXB-220,CXB-220_E093,n_individuals,4129
CXB-220,CXB-220_E093,f_below_1,66
CXB-220,CXB-220_E093,m_below_1,61
CXB-220,CXB-220_E093,f_1_to_4,234
CXB-220,CXB-220_E093,m_1_to_5,270
CXB-220,CXB-220_E093,f_5_to_11,503
CXB-220,CXB-220_E093,m_5_to_11,513
CXB-220,CXB-220_E093,f_12_to_17,274
CXB-220,CXB-220_E093,m_12_to_17,288
CXB-220,CXB-220_E093,f_18_to_59,974
CXB-220,CXB-220_E093,m_18_to_59,791
CXB-220,CXB-220_E093,f_60_plus,68
CXB-220,CXB-220_E093,m_60_plus,87
CXB-220,CXB-220_F094,n_family,1125
CXB-220,CXB-220_F094,n_individuals,5460
CXB-220,CXB-220_F094,f_below_1,71
CXB-220,CXB-220_F094,m_below_1,69
CXB-220,CXB-220_F094,f_1_to_4,356
CXB-220,CXB-220_F094,m_1_to_5,372
CXB-220,CXB-220_F094,f_5_to_11,611
CXB-220,CXB-220_F094,m_5_to_11,613
CXB-220,CXB-220_F094,f_12_to_17,349
CXB-220,CXB-220_F094,m_12_to_17,403
CXB-220,CXB-220_F094,f_18_to_59,1284
CXB-220,CXB-220_F094,m_18_to_59,1094
CXB-220,CXB-220_F094,f_60_plus,104
CXB-220,CXB-220_F094,m_60_plus,134
CXB-220,CXB-220_G095,n_family,1033
CXB-220,CXB-220_G095,n_individuals,4684
CXB-220,CXB-220_G095,f_below_1,66
CXB-220,CXB-220_G095,m_below_1,76
CXB-220,CXB-220_G095,f_1_to_4,298
CXB-220,CXB-220_G095,m_1_to_5,318
CXB-220,CXB-220_G095,f_5_to_11,520
CXB-220,CXB-220_G095,m_5_to_11,555
CXB-220,CXB-220_G095,f_12_to_17,287
CXB-220,CXB-220_G095,m_12_to_17,319
CXB-220,CXB-220_G095,f_18_to_59,1161
CXB-220,CXB-220_G095,m_18_to_59,943
CXB-220,CXB-220_G095,f_60_plus,62
CXB-220,CXB-220_G095,m_60_plus,79
CXB-222,CXB-222_A096,n_family,1075
CXB-222,CXB-222_A096,n_individuals,5288
CXB-222,CXB-222_A096,f_below_1,69
CXB-222,CXB-222_A096,m_below_1,56
CXB-222,CXB-222_A096,f_1_to_4,365
CXB-222,CXB-222_A096,m_1_to_5,370
CXB-222,CXB-222_A096,f_5_to_11,581
CXB-222,CXB-222_A096,m_5_to_11,590
CXB-222,CXB-222_A096,f_12_to_17,341
CXB-222,CXB-222_A096,m_12_to_17,368
CXB-222,CXB-222_A096,f_18_to_59,1228
CXB-222,CXB-222_A096,m_18_to_59,1057
CXB-222,CXB-222_A096,f_60_plus,116
CXB-222,CXB-222_A096,m_60_plus,147
CXB-222,CXB-222_B097,n_family,1291
CXB-222,CXB-222_B097,n_individuals,6334
CXB-222,CXB-222_B097,f_below_1,81
CXB-222,CXB-222_B097,m_below_1,72
CXB-222,CXB-222_B097,f_1_to_4,450
CXB-222,CXB-222_B097,m_1_to_5,457
CXB-222,CXB-222_B097,f_5_to_11,680
CXB-222,CXB-222_B097,m_5_to_11,725
CXB-222,CXB-222_B097,f_12_to_17,436
CXB-222,CXB-222_B097,m_12_to_17,442
CXB-222,CXB-222_B097,f_18_to_59,1487
CXB-222,CXB-222_B097,m_18_to_59,1226
CXB-222,CXB-222_B097,f_60_plus,122
CXB-222,CXB-222_B097,m_60_plus,156
CXB-222,CXB-222_C098,n_family,781
CXB-222,CXB-222_C098,n_individuals,3760
CXB-222,CXB-222_C098,f_below_1,50
CXB-222,CXB-222_C098,m_below_1,54
CXB-222,CXB-222_C098,f_1_to_4,242
CXB-222,CXB-222_C098,m_1_to_5,274
CXB-222,CXB-222_C098,f_5_to_11,365
CXB-222,CXB-222_C098,m_5_to_11,439
CXB-222,CXB-222_C098,f_12_to_17,273
CXB-222,CXB-222_C098,m_12_to_17,273
CXB-222,CXB-222_C098,f_18_to_59,900
CXB-222,CXB-222_C098,m_18_to_59,731
CXB-222,CXB-222_C098,f_60_plus,83
CXB-222,CXB-222_C098,m_60_plus,76
CXB-222,CXB-222_D099,n_family,1296
CXB-222,CXB-222_D099,n_individuals,6254
CXB-222,CXB-222_D099,f_below_1,90
CXB-222,CXB-222_D099,m_below_1,95
CXB-222,CXB-222_D099,f_1_to_4,417
CXB-222,CXB-222_D099,m_1_to_5,431
CXB-222,CXB-222_D099,f_5_to_11,675
CXB-222,CXB-222_D099,m_5_to_11,720
CXB-222,CXB-222_D099,f_12_to_17,409
CXB-222,CXB-222_D099,m_12_to_17,456
CXB-222,CXB-222_D099,f_18_to_59,1482
CXB-222,CXB-222_D099,m_18_to_59,1202
CXB-222,CXB-222_D099,f_60_plus,123
CXB-222,CXB-222_D099,m_60_plus,154
CXB-222,CXB-222_E100,n_family,1129
CXB-222,CXB-222_E100,n_individuals,5416
CXB-222,CXB-222_E100,f_below_1,69
CXB-222,CXB-222_E100,m_below_1,66
CXB-222,CXB-222_E100,f_1_to_4,391
CXB-222,CXB-222_E100,m_1_to_5,407
CXB-222,CXB-222_E100,f_5_to_11,613
CXB-222,CXB-222_E100,m_5_to_11,638
CXB-222,CXB-222_E100,f_12_to_17,363
CXB-222,CXB-222_E100,m_12_to_17,418
CXB-222,CXB-222_E100,f_18_to_59,1289
CXB-222,CXB-222_E100,m_18_to_59,973
CXB-222,CXB-222_E100,f_60_plus,83
CXB-222,CXB-222_E100,m_60_plus,106
CXB-223,CXB-223_A101,n_family,941
CXB-223,CXB-223_A101,n_individuals,4441
CXB-223,CXB-223_A101,f_below_1,68
CXB-223,CXB-223_A101,m_below_1,73
CXB-223,CXB-223_A101,f_1_to_4,249
CXB-223,CXB-223_A101,m_1_to_5,274
CXB-223,CXB-223_A101,f_5_to_11,481
CXB-223,CXB-223_A101,m_5_to_11,505
CXB-223,CXB-223_A101,f_12_to_17,296
CXB-223,CXB-223_A101,m_12_to_17,302
CXB-223,CXB-223_A101,f_18_to_59,1089
CXB-223,CXB-223_A101,m_18_to_59,912
CXB-223,CXB-223_A101,f_60_plus,95
CXB-223,CXB-223_A101,m_60_plus,97
CXB-223,CXB-223_B102,n_family,1367
CXB-223,CXB-223_B102,n_individuals,6429
CXB-223,CXB-223_B102,f_below_1,88
CXB-223,CXB-223_B102,m_below_1,93
CXB-223,CXB-223_B102,f_1_to_4,379
CXB-223,CXB-223_B102,m_1_to_5,418
CXB-223,CXB-223_B102,f_5_to_11,736
CXB-223,CXB-223_B102,m_5_to_11,758
CXB-223,CXB-223_B102,f_12_to_17,431
CXB-223,CXB-223_B102,m_12_to_17,421
CXB-223,CXB-223_B102,f_18_to_59,1529
CXB-223,CXB-223_B102,m_18_to_59,1292
CXB-223,CXB-223_B102,f_60_plus,133
CXB-223,CXB-223_B102,m_60_plus,151
CXB-223,CXB-223_C103,n_family,1030
CXB-223,CXB-223_C103,n_individuals,4832
CXB-223,CXB-223_C103,f_below_1,74
CXB-223,CXB-223_C103,m_below_1,70
CXB-223,CXB-223_C103,f_1_to_4,291
CXB-223,CXB-223_C103,m_1_to_5,300
CXB-223,CXB-223_C103,f_5_to_11,545
CXB-223,CXB-223_C103,m_5_to_11,599
CXB-223,CXB-223_C103,f_12_to_17,290
CXB-223,CXB-223_C103,m_12_to_17,351
CXB-223,CXB-223_C103,f_18_to_59,1163
CXB-223,CXB-223_C103,m_18_to_59,966
CXB-223,CXB-223_C103,f_60_plus,86
CXB-223,CXB-223_C103,m_60_plus,97
CXB-223,CXB-223_D104,n_family,1515
CXB-223,CXB-223_D104,n_individuals,7081
CXB-223,CXB-223_D104,f_below_1,114
CXB-223,CXB-223_D104,m_below_1,109
CXB-223,CXB-223_D104,f_1_to_4,434
CXB-223,CXB-223_D104,m_1_to_5,456
CXB-223,CXB-223_D104,f_5_to_11,793
CXB-223,CXB-223_D104,m_5_to_11,779
CXB-223,CXB-223_D104,f_12_to_17,436
CXB-223,CXB-223_D104,m_12_to_17,493
CXB-223,CXB-223_D104,f_18_to_59,1748
CXB-223,CXB-223_D104,m_18_to_59,1425
CXB-223,CXB-223_D104,f_60_plus,128
CXB-223,CXB-223_D104,m_60_plus,166
CXB-223,CXB-223_E105,n_family,1229
CXB-223,CXB-223_E105,n_individuals,5885
CXB-223,CXB-223_E105,f_below_1,81
CXB-223,CXB-223_E105,m_below_1,80
CXB-223,CXB-223_E105,f_1_to_4,353
CXB-223,CXB-223_E105,m_1_to_5,347
CXB-223,CXB-223_E105,f_5_to_11,656
CXB-223,CXB-223_E105,m_5_to_11,702
CXB-223,CXB-223_E105,f_12_to_17,388
CXB-223,CXB-223_E105,m_12_to_17,425
CXB-223,CXB-223_E105,f_18_to_59,1432
CXB-223,CXB-223_E105,m_18_to_59,1156
CXB-223,CXB-223_E105,f_60_plus,120
CXB-223,CXB-223_E105,m_60_plus,145
CXB-223,CXB-223_F106,n_family,1459
CXB-223,CXB-223_F106,n_individuals,6891
CXB-223,CXB-223_F106,f_below_1,88
CXB-223,CXB-223_F106,m_below_1,99
CXB-223,CXB-223_F106,f_1_to_4,432
CXB-223,CXB-223_F106,m_1_to_5,469
CXB-223,CXB-223_F106,f_5_to_11,761
CXB-223,CXB-223_F106,m_5_to_11,739
CXB-223,CXB-223_F106,f_12_to_17,430
CXB-223,CXB-223_F106,m_12_to_17,496
CXB-223,CXB-223_F106,f_18_to_59,1669
CXB-223,CXB-223_F106,m_18_to_59,1414
CXB-223,CXB-223_F106,f_60_plus,126
CXB-223,CXB-223_F106,m_60_plus,168
CXB-223,CXB-223_G107,n_family,1357
CXB-223,CXB-223_G107,n_individuals,6554
CXB-223,CXB-223_G107,f_below_1,71
CXB-223,CXB-223_G107,m_below_1,93
CXB-223,CXB-223_G107,f_1_to_4,380
CXB-223,CXB-223_G107,m_1_to_5,427
CXB-223,CXB-223_G107,f_5_to_11,687
CXB-223,CXB-223_G107,m_5_to_11,750
CXB-223,CXB-223_G107,f_12_to_17,441
CXB-223,CXB-223_G107,m_12_to_17,501
CXB-223,CXB-223_G107,f_18_to_59,1598
CXB-223,CXB-223_G107,m_18_to_59,1326
CXB-223,CXB-223_G107,f_60_plus,114
CXB-223,CXB-223_G107,m_60_plus,166
CXB-223,CXB-223_H108,n_family,1567
CXB-223,CXB-223_H108,n_individuals,7432
CXB-223,CXB-223_H108,f_below_1,93
CXB-223,CXB-223_H108,m_below_1,114
CXB-223,CXB-223_H108,f_1_to_4,519
CXB-223,CXB-223_H108,m_1_to_5,486
CXB-223,CXB-223_H108,f_5_to_11,838
CXB-223,CXB-223_H108,m_5_to_11,854
CXB-223,CXB-223_H108,f_12_to_17,473
CXB-223,CXB-223_H108,m_12_to_17,535
CXB-223,CXB-223_H108,f_18_to_59,1828
CXB-223,CXB-223_H108,m_18_to_59,1405
CXB-223,CXB-223_H108,f_60_plus,118
CXB-223,CXB-223_H108,m_60_plus,169
CXB-224,CXB-224_A109,n_family,1450
CXB-224,CXB-224_A109,n_individuals,6847
CXB-224,CXB-224_A109,f_below_1,77
CXB-224,CXB-224_A109,m_below_1,79
CXB-224,CXB-224_A109,f_1_to_4,468
CXB-224,CXB-224_A109,m_1_to_5,473
CXB-224,CXB-224_A109,f_5_to_11,714
CXB-224,CXB-224_A109,m_5_to_11,746
CXB-224,CXB-224_A109,f_12_to_17,474
CXB-224,CXB-224_A109,m_12_to_17,514
CXB-224,CXB-224_A109,f_18_to_59,1635
CXB-224,CXB-224_A109,m_18_to_59,1416
CXB-224,CXB-224_A109,f_60_plus,113
CXB-224,CXB-224_A109,m_60_plus,138
CXB-224,CXB-224_B110,n_family,711
CXB-224,CXB-224_B110,n_individuals,3255
CXB-224,CXB-224_B110,f_below_1,39
CXB-224,CXB-224_B110,m_below_1,49
CXB-224,CXB-224_B110,f_1_to_4,206
CXB-224,CXB-224_B110,m_1_to_5,220
CXB-224,CXB-224_B110,f_5_to_11,343
CXB-224,CXB-224_B110,m_5_to_11,350
CXB-224,CXB-224_B110,f_12_to_17,226
CXB-224,CXB-224_B110,m_12_to_17,221
CXB-224,CXB-224_B110,f_18_to_59,820
CXB-224,CXB-224_B110,m_18_to_59,649
CXB-224,CXB-224_B110,f_60_plus,51
CXB-224,CXB-224_B110,m_60_plus,81
CXB-224,CXB-224_C111,n_family,870
CXB-224,CXB-224_C111,n_individuals,4114
CXB-224,CXB-224_C111,f_below_1,65
CXB-224,CXB-224_C111,m_below_1,46
CXB-224,CXB-224_C111,f_1_to_4,290
CXB-224,CXB-224_C111,m_1_to_5,282
CXB-224,CXB-224_C111,f_5_to_11,453
CXB-224,CXB-224_C111,m_5_to_11,469
CXB-224,CXB-224_C111,f_12_to_17,301
CXB-224,CXB-224_C111,m_12_to_17,308
CXB-224,CXB-224_C111,f_18_to_59,963
CXB-224,CXB-224_C111,m_18_to_59,805
CXB-224,CXB-224_C111,f_60_plus,62
CXB-224,CXB-224_C111,m_60_plus,70
CXB-224,CXB-224_D112,n_family,755
CXB-224,CXB-224_D112,n_individuals,3391
CXB-224,CXB-224_D112,f_below_1,55
CXB-224,CXB-224_D112,m_below_1,52
CXB-224,CXB-224_D112,f_1_to_4,234
CXB-224,CXB-224_D112,m_1_to_5,244
CXB-224,CXB-224_D112,f_5_to_11,355
CXB-224,CXB-224_D112,m_5_to_11,411
CXB-224,CXB-224_D112,f_12_to_17,230
CXB-224,CXB-224_D112,m_12_to_17,228
CXB-224,CXB-224_D112,f_18_to_59,789
CXB-224,CXB-224_D112,m_18_to_59,658
CXB-224,CXB-224_D112,f_60_plus,66
CXB-224,CXB-224_D112,m_60_plus,69
CXB-212,CXB-212_A113,n_family,1405
CXB-212,CXB-212_A113,n_individuals,6203
CXB-212,CXB-212_A113,f_below_1,88
CXB-212,CXB-212_A113,m_below_1,115
CXB-212,CXB-212_A113,f_1_to_4,438
CXB-212,CXB-212_A113,m_1_to_5,462
CXB-212,CXB-212_A113,f_5_to_11,652
CXB-212,CXB-212_A113,m_5_to_11,674
CXB-212,CXB-212_A113,f_12_to_17,399
CXB-212,CXB-212_A113,m_12_to_17,383
CXB-212,CXB-212_A113,f_18_to_59,1528
CXB-212,CXB-212_A113,m_18_to_59,1225
CXB-212,CXB-212_A113,f_60_plus,99
CXB-212,CXB-212_A113,m_60_plus,140
CXB-212,CXB-212_B114,n_family,1251
CXB-212,CXB-212_B114,n_individuals,5409
CXB-212,CXB-212_B114,f_below_1,87
CXB-212,CXB-212_B114,m_below_1,97
CXB-212,CXB-212_B114,f_1_to_4,342
CXB-212,CXB-212_B114,m_1_to_5,382
CXB-212,CXB-212_B114,f_5_to_11,594
CXB-212,CXB-212_B114,m_5_to_11,634
CXB-212,CXB-212_B114,f_12_to_17,325
CXB-212,CXB-212_B114,m_12_to_17,378
CXB-212,CXB-212_B114,f_18_to_59,1359
CXB-212,CXB-212_B114,m_18_to_59,1044
CXB-212,CXB-212_B114,f_60_plus,69
CXB-212,CXB-212_B114,m_60_plus,98
CXB-212,CXB-212_C115,n_family,1105
CXB-212,CXB-212_C115,n_individuals,4641
CXB-212,CXB-212_C115,f_below_1,60
CXB-212,CXB-212_C115,m_below_1,84
CXB-212,CXB-212_C115,f_1_to_4,354
CXB-212,CXB-212_C115,m_1_to_5,378
CXB-212,CXB-212_C115,f_5_to_11,525
CXB-212,CXB-212_C115,m_5_to_11,519
CXB-212,CXB-212_C115,f_12_to_17,243
CXB-212,CXB-212_C115,m_12_to_17,289
CXB-212,CXB-212_C115,f_18_to_59,1145
CXB-212,CXB-212_C115,m_18_to_59,902
CXB-212,CXB-212_C115,f_60_plus,64
CXB-212,CXB-212_C115,m_60_plus,78
CXB-215,CXB-215_A116,n_family,1270
CXB-215,CXB-215_A116,n_individuals,5642
CXB-215,CXB-215_A116,f_below_1,87
CXB-215,CXB-215_A116,m_below_1,104
CXB-215,CXB-215_A116,f_1_to_4,427
CXB-215,CXB-215_A116,m_1_to_5,419
CXB-215,CXB-215_A116,f_5_to_11,614
CXB-215,CXB-215_A116,m_5_to_11,624
CXB-215,CXB-215_A116,f_12_to_17,345
CXB-215,CXB-215_A116,m_12_to_17,362
CXB-215,CXB-215_A116,f_18_to_59,1392
CXB-215,CXB-215_A116,m_18_to_59,1096
CXB-215,CXB-215_A116,f_60_plus,73
CXB-215,CXB-215_A116,m_60_plus,99
CXB-215,CXB-215_B117,n_family,1207
CXB-215,CXB-215_B117,n_individuals,5312
CXB-215,CXB-215_B117,f_below_1,81
CXB-215,CXB-215_B117,m_below_1,110
CXB-215,CXB-215_B117,f_1_to_4,386
CXB-215,CXB-215_B117,m_1_to_5,411
CXB-215,CXB-215_B117,f_5_to_11,568
CXB-215,CXB-215_B117,m_5_to_11,548
CXB-215,CXB-215_B117,f_12_to_17,337
CXB-215,CXB-215_B117,m_12_to_17,330
CXB-215,CXB-215_B117,f_18_to_59,1342
CXB-215,CXB-215_B117,m_18_to_59,1033
CXB-215,CXB-215_B117,f_60_plus,69
CXB-215,CXB-215_B117,m_60_plus,97
CXB-215,CXB-215_C118,n_family,1128
CXB-215,CXB-215_C118,n_individuals,4978
CXB-215,CXB-215_C118,f_below_1,76
CXB-215,CXB-215_C118,m_below_1,82
CXB-215,CXB-215_C118,f_1_to_4,351
CXB-215,CXB-215_C118,m_1_to_5,341
CXB-215,CXB-215_C118,f_5_to_11,522
CXB-215,CXB-215_C118,m_5_to_11,559
CXB-215,CXB-215_C118,f_12_to_17,318
CXB-215,CXB-215_C118,m_12_to_17,336
CXB-215,CXB-215_C118,f_18_to_59,1231
CXB-215,CXB-215_C118,m_18_to_59,1007
CXB-215,CXB-215_C118,f_60_plus,57
CXB-215,CXB-215_C118,m_60_plus,98
CXB-215,CXB-215_D119,n_family,1223
CXB-215,CXB-215_D119,n_individuals,5513
CXB-215,CXB-215_D119,f_below_1,81
CXB-215,CXB-215_D119,m_below_1,85
CXB-215,CXB-215_D119,f_1_to_4,383
CXB-215,CXB-215_D119,m_1_to_5,436
CXB-215,CXB-215_D119,f_5_to_11,606
CXB-215,CXB-215_D119,m_5_to_11,591
CXB-215,CXB-215_D119,f_12_to_17,342
CXB-215,CXB-215_D119,m_12_to_17,370
CXB-215,CXB-215_D119,f_18_to_59,1352
CXB-215,CXB-215_D119,m_18_to_59,1080
CXB-215,CXB-215_D119,f_60_plus,82
CXB-215,CXB-215_D119,m_60_plus,105
CXB-215,CXB-215_E120,n_family,1220
CXB-215,CXB-215_E120,n_individuals,5504
CXB-215,CXB-215_E120,f_below_1,79
CXB-215,CXB-215_E120,m_below_1,81
CXB-215,CXB-215_E120,f_1_to_4,393
CXB-215,CXB-215_E120,m_1_to_5,437
CXB-215,CXB-215_E120,f_5_to_11,617
CXB-215,CXB-215_E120,m_5_to_11,629
CXB-215,CXB-215_E120,f_12_to_17,319
CXB-215,CXB-215_E120,m_12_to_17,334
CXB-215,CXB-215_E120,f_18_to_59,1344
CXB-215,CXB-215_E120,m_18_to_59,1082
CXB-215,CXB-215_E120,f_60_plus,75
CXB-215,CXB-215_E120,m_60_plus,114
CXB-219,CXB-219_A121,n_family,1288
CXB-219,CXB-219_A121,n_individuals,5756
CXB-219,CXB-219_A121,f_below_1,75
CXB-219,CXB-219_A121,m_below_1,96
CXB-219,CXB-219_A121,f_1_to_4,352
CXB-219,CXB-219_A121,m_1_to_5,394
CXB-219,CXB-219_A121,f_5_to_11,653
CXB-219,CXB-219_A121,m_5_to_11,709
CXB-219,CXB-219_A121,f_12_to_17,361
CXB-219,CXB-219_A121,m_12_to_17,409
CXB-219,CXB-219_A121,f_18_to_59,1418
CXB-219,CXB-219_A121,m_18_to_59,1106
CXB-219,CXB-219_A121,f_60_plus,83
CXB-219,CXB-219_A121,m_60_plus,100
CXB-219,CXB-219_B122,n_family,1246
CXB-219,CXB-219_B122,n_individuals,5764
CXB-219,CXB-219_B122,f_below_1,95
CXB-219,CXB-219_B122,m_below_1,83
CXB-219,CXB-219_B122,f_1_to_4,354
CXB-219,CXB-219_B122,m_1_to_5,366
CXB-219,CXB-219_B122,f_5_to_11,602
CXB-219,CXB-219_B122,m_5_to_11,681
CXB-219,CXB-219_B122,f_12_to_17,380
CXB-219,CXB-219_B122,m_12_to_17,425
CXB-219,CXB-219_B122,f_18_to_59,1417
CXB-219,CXB-219_B122,m_18_to_59,1167
CXB-219,CXB-219_B122,f_60_plus,91
CXB-219,CXB-219_B122,m_60_plus,103
CXB-219,CXB-219_C123,n_family,1255
CXB-219,CXB-219_C123,n_individuals,6176
CXB-219,CXB-219_C123,f_below_1,75
CXB-219,CXB-219_C123,m_below_1,87
CXB-219,CXB-219_C123,f_1_to_4,350
CXB-219,CXB-219_C123,m_1_to_5,362
CXB-219,CXB-219_C123,f_5_to_11,754
CXB-219,CXB-219_C123,m_5_to_11,747
CXB-219,CXB-219_C123,f_12_to_17,432
CXB-219,CXB-219_C123,m_12_to_17,477
CXB-219,CXB-219_C123,f_18_to_59,1506
CXB-219,CXB-219_C123,m_18_to_59,1167
CXB-219,CXB-219_C123,f_60_plus,96
CXB-219,CXB-219_C123,m_60_plus,123
CXB-219,CXB-219_D124,n_family,1008
CXB-219,CXB-219_D124,n_individuals,4764
CXB-219,CXB-219_D124,f_below_1,53
CXB-219,CXB-219_D124,m_below_1,73
CXB-219,CXB-219_D124,f_1_to_4,224
CXB-219,CXB-219_D124,m_1_to_5,306
CXB-219,CXB-219_D124,f_5_to_11,486
CXB-219,CXB-219_D124,m_5_to_11,519
CXB-219,CXB-219_D124,f_12_to_17,329
CXB-219,CXB-219_D124,m_12_to_17,336
CXB-219,CXB-219_D124,f_18_to_59,1214
CXB-219,CXB-219_D124,m_18_to_59,1013
CXB-219,CXB-219_D124,f_60_plus,99
CXB-219,CXB-219_D124,m_60_plus,112
CXB-201,CXB-201_A001,n_family,1135
CXB-201,CXB-201_A001,n_individuals,5537
CXB-201,CXB-201_A001,f_below_1,74
CXB-201,CXB-201_A001,m_below_1,79
CXB-201,CXB-201_A001,f_1_to_4,330
CXB-201,CXB-201_A001,m_1_to_5,329
CXB-201,CXB-201_A001,f_5_to_11,660
CXB-201,CXB-201_A001,m_5_to_11,632
CXB-201,CXB-201_A001,f_12_to_17,323
CXB-201,CXB-201_A001,m_12_to_17,403
CXB-201,CXB-201_A001,f_18_to_59,1348
CXB-201,CXB-201_A001,m_18_to_59,1118
CXB-201,CXB-201_A001,f_60_plus,105
CXB-201,CXB-201_A001,m_60_plus,136
CXB-201,CXB-201_B002,n_family,1376
CXB-201,CXB-201_B002,n_individuals,5902
CXB-201,CXB-201_B002,f_below_1,79
CXB-201,CXB-201_B002,m_below_1,80
CXB-201,CXB-201_B002,f_1_to_4,352
CXB-201,CXB-201_B002,m_1_to_5,378
CXB-201,CXB-201_B002,f_5_to_11,653
CXB-201,CXB-201_B002,m_5_to_11,663
CXB-201,CXB-201_B002,f_12_to_17,388
CXB-201,CXB-201_B002,m_12_to_17,371
CXB-201,CXB-201_B002,f_18_to_59,1480
CXB-201,CXB-201_B002,m_18_to_59,1232
CXB-201,CXB-201_B002,f_60_plus,97
CXB-201,CXB-201_B002,m_60_plus,129
CXB-201,CXB-201_C003,n_family,1200
CXB-201,CXB-201_C003,n_individuals,5408
CXB-201,CXB-201_C003,f_below_1,67
CXB-201,CXB-201_C003,m_below_1,86
CXB-201,CXB-201_C003,f_1_to_4,273
CXB-201,CXB-201_C003,m_1_to_5,332
CXB-201,CXB-201_C003,f_5_to_11,589
CXB-201,CXB-201_C003,m_5_to_11,629
CXB-201,CXB-201_C003,f_12_to_17,321
CXB-201,CXB-201_C003,m_12_to_17,435
CXB-201,CXB-201_C003,f_18_to_59,1315
CXB-201,CXB-201_C003,m_18_to_59,1134
CXB-201,CXB-201_C003,f_60_plus,103
CXB-201,CXB-201_C003,m_60_plus,124
CXB-201,CXB-201_D004,n_family,1187
CXB-201,CXB-201_D004,n_individuals,5377
CXB-201,CXB-201_D004,f_below_1,66
CXB-201,CXB-201_D004,m_below_1,73
CXB-201,CXB-201_D004,f_1_to_4,307
CXB-201,CXB-201_D004,m_1_to_5,342
CXB-201,CXB-201_D004,f_5_to_11,596
CXB-201,CXB-201_D004,m_5_to_11,609
CXB-201,CXB-201_D004,f_12_to_17,374
CXB-201,CXB-201_D004,m_12_to_17,363
CXB-201,CXB-201_D004,f_18_to_59,1275
CXB-201,CXB-201_D004,m_18_to_59,1161
CXB-201,CXB-201_D004,f_60_plus,90
CXB-201,CXB-201_D004,m_60_plus,121
CXB-201,CXB-201_E005,n_family,1197
CXB-201,CXB-201_E005,n_individuals,5298
CXB-201,CXB-201_E005,f_below_1,80
CXB-201,CXB-201_E005,m_below_1,76
CXB-201,CXB-201_E005,f_1_to_4,309
CXB-201,CXB-201_E005,m_1_to_5,311
CXB-201,CXB-201_E005,f_5_to_11,572
CXB-201,CXB-201_E005,m_5_to_11,586
CXB-201,CXB-201_E005,f_12_to_17,337
CXB-201,CXB-201_E005,m_12_to_17,376
CXB-201,CXB-201_E005,f_18_to_59,1318
CXB-201,CXB-201_E005,m_18_to_59,1129
CXB-201,CXB-201_E005,f_60_plus,87
CXB-201,CXB-201_E005,m_60_plus,117
CXB-201,CXB-201_F006,n_family,1229
CXB-201,CXB-201_F006,n_individuals,5402
CXB-201,CXB-201_F006,f_below_1,77
CXB-201,CXB-201_F006,m_below_1,68
CXB-201,CXB-201_F006,f_1_to_4,293
CXB-201,CXB-201_F006,m_1_to_5,352
CXB-201,CXB-201_F006,f_5_to_11,584
CXB-201,CXB-201_F006,m_5_to_11,601
CXB-201,CXB-201_F006,f_12_to_17,346
CXB-201,CXB-201_F006,m_12_to_17,356
CXB-201,CXB-201_F006,f_18_to_59,1366
CXB-201,CXB-201_F006,m_18_to_59,1145
CXB-201,CXB-201_F006,f_60_plus,92
CXB-201,CXB-201_F006,m_60_plus,122
CXB-201,CXB-201_G007,n_family,1000
CXB-201,CXB-201_G007,n_individuals,4377
CXB-201,CXB-201_G007,f_below_1,56
CXB-201,CXB-201_G007,m_below_1,72
CXB-201,CXB-201_G007,f_1_to_4,263
CXB-201,CXB-201_G007,m_1_to_5,268
CXB-201,CXB-201_G007,f_5_to_11,521
CXB-201,CXB-201_G007,m_5_to_11,529
CXB-201,CXB-201_G007,f_12_to_17,252
CXB-201,CXB-201_G007,m_12_to_17,295
CXB-201,CXB-201_G007,f_18_to_59,1080
CXB-201,CXB-201_G007,m_18_to_59,879
CXB-201,CXB-201_G007,f_60_plus,67
CXB-201,CXB-201_G007,m_60_plus,95
CXB-202,CXB-202_A008,n_family,1099
CXB-202,CXB-202_A008,n_individuals,5156
CXB-202,CXB-202_A008,f_below_1,82
CXB-202,CXB-202_A008,m_below_1,67
CXB-202,CXB-202_A008,f_1_to_4,295
CXB-202,CXB-202_A008,m_1_to_5,304
CXB-202,CXB-202_A008,f_5_to_11,534
CXB-202,CXB-202_A008,m_5_to_11,650
CXB-202,CXB-202_A008,f_12_to_17,340
CXB-202,CXB-202_A008,m_12_to_17,353
CXB-202,CXB-202_A008,f_18_to_59,1288
CXB-202,CXB-202_A008,m_18_to_59,1044
CXB-202,CXB-202_A008,f_60_plus,89
CXB-202,CXB-202_A008,m_60_plus,110
CXB-202,CXB-202_B009,n_family,1288
CXB-202,CXB-202_B009,n_individuals,5888
CXB-202,CXB-202_B009,f_below_1,70
CXB-202,CXB-202_B009,m_below_1,94
CXB-202,CXB-202_B009,f_1_to_4,335
CXB-202,CXB-202_B009,m_1_to_5,298
CXB-202,CXB-202_B009,f_5_to_11,652
CXB-202,CXB-202_B009,m_5_to_11,723
CXB-202,CXB-202_B009,f_12_to_17,376
CXB-202,CXB-202_B009,m_12_to_17,423
CXB-202,CXB-202_B009,f_18_to_59,1480
CXB-202,CXB-202_B009,m_18_to_59,1211
CXB-202,CXB-202_B009,f_60_plus,112
CXB-202,CXB-202_B009,m_60_plus,114
CXB-202,CXB-202_C010,n_family,1434
CXB-202,CXB-202_C010,n_individuals,6298
CXB-202,CXB-202_C010,f_below_1,84
CXB-202,CXB-202_C010,m_below_1,64
CXB-202,CXB-202_C010,f_1_to_4,370
CXB-202,CXB-202_C010,m_1_to_5,377
CXB-202,CXB-202_C010,f_5_to_11,705
CXB-202,CXB-202_C010,m_5_to_11,753
CXB-202,CXB-202_C010,f_12_to_17,367
CXB-202,CXB-202_C010,m_12_to_17,426
CXB-202,CXB-202_C010,f_18_to_59,1575
CXB-202,CXB-202_C010,m_18_to_59,1311
CXB-202,CXB-202_C010,f_60_plus,117
CXB-202,CXB-202_C010,m_60_plus,149
CXB-202,CXB-202_D011,n_family,1092
CXB-202,CXB-202_D011,n_individuals,4841
CXB-202,CXB-202_D011,f_below_1,47
CXB-202,CXB-202_D011,m_below_1,59
CXB-202,CXB-202_D011,f_1_to_4,277
CXB-202,CXB-202_D011,m_1_to_5,306
CXB-202,CXB-202_D011,f_5_to_11,589
CXB-202,CXB-202_D011,m_5_to_11,571
CXB-202,CXB-202_D011,f_12_to_17,282
CXB-202,CXB-202_D011,m_12_to_17,336
CXB-202,CXB-202_D011,f_18_to_59,1223
CXB-202,CXB-202_D011,m_18_to_59,965
CXB-202,CXB-202_D011,f_60_plus,76
CXB-202,CXB-202_D011,m_60_plus,110
CXB-202,CXB-202_E012,n_family,945
CXB-202,CXB-202_E012,n_individuals,4311
CXB-202,CXB-202_E012,f_below_1,54
CXB-202,CXB-202_E012,m_below_1,47
CXB-202,CXB-202_E012,f_1_to_4,262
CXB-202,CXB-202_E012,m_1_to_5,261
CXB-202,CXB-202_E012,f_5_to_11,539
CXB-202,CXB-202_E012,m_5_to_11,499
CXB-202,CXB-202_E012,f_12_to_17,301
CXB-202,CXB-202_E012,m_12_to_17,261
CXB-202,CXB-202_E012,f_18_to_59,1012
CXB-202,CXB-202_E012,m_18_to_59,868
CXB-202,CXB-202_E012,f_60_plus,95
CXB-202,CXB-202_E012,m_60_plus,112
CXB-202,CXB-202_F013,n_family,1211
CXB-202,CXB-202_F013,n_individuals,5324
CXB-202,CXB-202_F013,f_below_1,70
CXB-202,CXB-202_F013,m_below_1,88
CXB-202,CXB-202_F013,f_1_to_4,267
CXB-202,CXB-202_F013,m_1_to_5,334
CXB-202,CXB-202_F013,f_5_to_11,604
CXB-202,CXB-202_F013,m_5_to_11,603
CXB-202,CXB-202_F013,f_12_to_17,356
CXB-202,CXB-202_F013,m_12_to_17,369
CXB-202,CXB-202_F013,f_18_to_59,1303
CXB-202,CXB-202_F013,m_18_to_59,1112
CXB-202,CXB-202_F013,f_60_plus,103
CXB-202,CXB-202_F013,m_60_plus,115
CXB-202,CXB-202_G014,n_family,1292
CXB-202,CXB-202_G014,n_individuals,6134
CXB-202,CXB-202_G014,f_below_1,69
CXB-202,CXB-202_G014,m_below_1,75
CXB-202,CXB-202_G014,f_1_to_4,327
CXB-202,CXB-202_G014,m_1_to_5,344
CXB-202,CXB-202_G014,f_5_to_11,751
CXB-202,CXB-202_G014,m_5_to_11,665
CXB-202,CXB-202_G014,f_12_to_17,440
CXB-202,CXB-202_G014,m_12_to_17,481
CXB-202,CXB-202_G014,f_18_to_59,1488
CXB-202,CXB-202_G014,m_18_to_59,1250
CXB-202,CXB-202_G014,f_60_plus,117
CXB-202,CXB-202_G014,m_60_plus,127
CXB-216,CXB-216_A125,n_family,787
CXB-216,CXB-216_A125,n_individuals,3454
CXB-216,CXB-216_A125,f_below_1,51
CXB-216,CXB-216_A125,m_below_1,75
CXB-216,CXB-216_A125,f_1_to_4,240
CXB-216,CXB-216_A125,m_1_to_5,250
CXB-216,CXB-216_A125,f_5_to_11,362
CXB-216,CXB-216_A125,m_5_to_11,409
CXB-216,CXB-216_A125,f_12_to_17,204
CXB-216,CXB-216_A125,m_12_to_17,226
CXB-216,CXB-216_A125,f_18_to_59,858
CXB-216,CXB-216_A125,m_18_to_59,679
CXB-216,CXB-216_A125,f_60_plus,45
CXB-216,CXB-216_A125,m_60_plus,55
CXB-216,CXB-216_B126,n_family,791
CXB-216,CXB-216_B126,n_individuals,3351
CXB-216,CXB-216_B126,f_below_1,66
CXB-216,CXB-216_B126,m_below_1,57
CXB-216,CXB-216_B126,f_1_to_4,260
CXB-216,CXB-216_B126,m_1_to_5,236
CXB-216,CXB-216_B126,f_5_to_11,335
CXB-216,CXB-216_B126,m_5_to_11,372
CXB-216,CXB-216_B126,f_12_to_17,207
CXB-216,CXB-216_B126,m_12_to_17,200
CXB-216,CXB-216_B126,f_18_to_59,856
CXB-216,CXB-216_B126,m_18_to_59,658
CXB-216,CXB-216_B126,f_60_plus,39
CXB-216,CXB-216_B126,m_60_plus,65
CXB-108,CXB-108_A127,n_family,1156
CXB-108,CXB-108_A127,n_individuals,5179
CXB-108,CXB-108_A127,f_below_1,67
CXB-108,CXB-108_A127,m_below_1,66
CXB-108,CXB-108_A127,f_1_to_4,323
CXB-108,CXB-108_A127,m_1_to_5,354
CXB-108,CXB-108_A127,f_5_to_11,565
CXB-108,CXB-108_A127,m_5_to_11,590
CXB-108,CXB-108_A127,f_12_to_17,360
CXB-108,CXB-108_A127,m_12_to_17,368
CXB-108,CXB-108_A127,f_18_to_59,1259
CXB-108,CXB-108_A127,m_18_to_59,1049
CXB-108,CXB-108_A127,f_60_plus,78
CXB-108,CXB-108_A127,m_60_plus,100
CXB-108,CXB-108_B128,n_family,1188
CXB-108,CXB-108_B128,n_individuals,5127
CXB-108,CXB-108_B128,f_below_1,73
CXB-108,CXB-108_B128,m_below_1,72
CXB-108,CXB-108_B128,f_1_to_4,346
CXB-108,CXB-108_B128,m_1_to_5,342
CXB-108,CXB-108_B128,f_5_to_11,562
CXB-108,CXB-108_B128,m_5_to_11,544
CXB-108,CXB-108_B128,f_12_to_17,323
CXB-108,CXB-108_B128,m_12_to_17,332
CXB-108,CXB-108_B128,f_18_to_59,1258
CXB-108,CXB-108_B128,m_18_to_59,1105
CXB-108,CXB-108_B128,f_60_plus,83
CXB-108,CXB-108_B128,m_60_plus,87
CXB-108,CXB-108_C129,n_family,557
CXB-108,CXB-108_C129,n_individuals,2074
CXB-108,CXB-108_C129,f_below_1,32
CXB-108,CXB-108_C129,m_below_1,22
CXB-108,CXB-108_C129,f_1_to_4,152
CXB-108,CXB-108_C129,m_1_to_5,140
CXB-108,CXB-108_C129,f_5_to_11,225
CXB-108,CXB-108_C129,m_5_to_11,233
CXB-108,CXB-108_C129,f_12_to_17,109
CXB-108,CXB-108_C129,m_12_to_17,94
CXB-108,CXB-108_C129,f_18_to_59,539
CXB-108,CXB-108_C129,m_18_to_59,469
CXB-108,CXB-108_C129,f_60_plus,24
CXB-108,CXB-108_C129,m_60_plus,35
CXB-108,CXB-108_D130,n_family,217
CXB-108,CXB-108_D130,n_individuals,922
CXB-108,CXB-108_D130,f_below_1,13
CXB-108,CXB-108_D130,m_below_1,14
CXB-108,CXB-108_D130,f_1_to_4,59
CXB-108,CXB-108_D130,m_1_to_5,59
CXB-108,CXB-108_D130,f_5_to_11,97
CXB-108,CXB-108_D130,m_5_to_11,109
CXB-108,CXB-108_D130,f_12_to_17,61
CXB-108,CXB-108_D130,m_12_to_17,58
CXB-108,CXB-108_D130,f_18_to_59,232
CXB-108,CXB-108_D130,m_18_to_59,190
CXB-108,CXB-108_D130,f_60_plus,15
CXB-108,CXB-108_D130,m_60_plus,15
CXB-108,CXB-108_E131,n_family,552
CXB-108,CXB-108_E131,n_individuals,2309
CXB-108,CXB-108_E131,f_below_1,47
CXB-108,CXB-108_E131,m_below_1,42
CXB-108,CXB-108_E131,f_1_to_4,172
CXB-108,CXB-108_E131,m_1_to_5,184
CXB-108,CXB-108_E131,f_5_to_11,290
CXB-108,CXB-108_E131,m_5_to_11,277
CXB-108,CXB-108_E131,f_12_to_17,99
CXB-108,CXB-108_E131,m_12_to_17,129
CXB-108,CXB-108_E131,f_18_to_59,552
CXB-108,CXB-108_E131,m_18_to_59,469
CXB-108,CXB-108_E131,f_60_plus,21
CXB-108,CXB-108_E131,m_60_plus,27
CXB-085,CXB-085_A132,n_family,1120
CXB-085,CXB-085_A132,n_individuals,5635
CXB-085,CXB-085_A132,f_below_1,75
CXB-085,CXB-085_A132,m_below_1,72
CXB-085,CXB-085_A132,f_1_to_4,312
CXB-085,CXB-085_A132,m_1_to_5,313
CXB-085,CXB-085_A132,f_5_to_11,687
CXB-085,CXB-085_A132,m_5_to_11,763
CXB-085,CXB-085_A132,f_12_to_17,374
CXB-085,CXB-085_A132,m_12_to_17,428
CXB-085,CXB-085_A132,f_18_to_59,1316
CXB-085,CXB-085_A132,m_18_to_59,1095
CXB-085,CXB-085_A132,f_60_plus,92
CXB-085,CXB-085_A132,m_60_plus,108
CXB-085,CXB-085_B133,n_family,1328
CXB-085,CXB-085_B133,n_individuals,6603
CXB-085,CXB-085_B133,f_below_1,71
CXB-085,CXB-085_B133,m_below_1,74
CXB-085,CXB-085_B133,f_1_to_4,382
CXB-085,CXB-085_B133,m_1_to_5,368
CXB-085,CXB-085_B133,f_5_to_11,767
CXB-085,CXB-085_B133,m_5_to_11,818
CXB-085,CXB-085_B133,f_12_to_17,464
CXB-085,CXB-085_B133,m_12_to_17,511
CXB-085,CXB-085_B133,f_18_to_59,1593
CXB-085,CXB-085_B133,m_18_to_59,1307
CXB-085,CXB-085_B133,f_60_plus,106
CXB-085,CXB-085_B133,m_60_plus,142
CXB-085,CXB-085_C134,n_family,1007
CXB-085,CXB-085_C134,n_individuals,4850
CXB-085,CXB-085_C134,f_below_1,68
CXB-085,CXB-085_C134,m_below_1,71
CXB-085,CXB-085_C134,f_1_to_4,277
CXB-085,CXB-085_C134,m_1_to_5,294
CXB-085,CXB-085_C134,f_5_to_11,557
CXB-085,CXB-085_C134,m_5_to_11,595
CXB-085,CXB-085_C134,f_12_to_17,343
CXB-085,CXB-085_C134,m_12_to_17,357
CXB-085,CXB-085_C134,f_18_to_59,1154
CXB-085,CXB-085_C134,m_18_to_59,960
CXB-085,CXB-085_C134,f_60_plus,71
CXB-085,CXB-085_C134,m_60_plus,103
CXB-085,CXB-085_D135,n_family,816
CXB-085,CXB-085_D135,n_individuals,4075
CXB-085,CXB-085_D135,f_below_1,56
CXB-085,CXB-085_D135,m_below_1,69
CXB-085,CXB-085_D135,f_1_to_4,220
CXB-085,CXB-085_D135,m_1_to_5,243
CXB-085,CXB-085_D135,f_5_to_11,498
CXB-085,CXB-085_D135,m_5_to_11,482
CXB-085,CXB-085_D135,f_12_to_17,287
CXB-085,CXB-085_D135,m_12_to_17,298
CXB-085,CXB-085_D135,f_18_to_59,961
CXB-085,CXB-085_D135,m_18_to_59,809
CXB-085,CXB-085_D135,f_60_plus,62
CXB-085,CXB-085_D135,m_60_plus,90
CXB-032,CXB-032_A136,n_family,778
CXB-032,CXB-032_A136,n_individuals,3523
CXB-032,CXB-032_A136,f_below_1,45
CXB-032,CXB-032_A136,m_below_1,39
CXB-032,CXB-032_A136,f_1_to_4,211
CXB-032,CXB-032_A136,m_1_to_5,240
CXB-032,CXB-032_A136,f_5_to_11,424
CXB-032,CXB-032_A136,m_5_to_11,460
CXB-032,CXB-032_A136,f_12_to_17,254
CXB-032,CXB-032_A136,m_12_to_17,250
CXB-032,CXB-032_A136,f_18_to_59,842
CXB-032,CXB-032_A136,m_18_to_59,634
CXB-032,CXB-032_A136,f_60_plus,67
CXB-032,CXB-032_A136,m_60_plus,57
CXB-032,CXB-032_B137,n_family,884
CXB-032,CXB-032_B137,n_individuals,3793
CXB-032,CXB-032_B137,f_below_1,43
CXB-032,CXB-032_B137,m_below_1,29
CXB-032,CXB-032_B137,f_1_to_4,234
CXB-032,CXB-032_B137,m_1_to_5,292
CXB-032,CXB-032_B137,f_5_to_11,481
CXB-032,CXB-032_B137,m_5_to_11,464
CXB-032,CXB-032_B137,f_12_to_17,246
CXB-032,CXB-032_B137,m_12_to_17,249
CXB-032,CXB-032_B137,f_18_to_59,969
CXB-032,CXB-032_B137,m_18_to_59,649
CXB-032,CXB-032_B137,f_60_plus,52
CXB-032,CXB-032_B137,m_60_plus,85
CXB-233,CXB-233_A139,n_family,1084
CXB-233,CXB-233_A139,n_individuals,5053
CXB-233,CXB-233_A139,f_below_1,69
CXB-233,CXB-233_A139,m_below_1,62
CXB-233,CXB-233_A139,f_1_to_4,304
CXB-233,CXB-233_A139,m_1_to_5,316
CXB-233,CXB-233_A139,f_5_to_11,548
CXB-233,CXB-233_A139,m_5_to_11,599
CXB-233,CXB-233_A139,f_12_to_17,381
CXB-233,CXB-233_A139,m_12_to_17,393
CXB-233,CXB-233_A139,f_18_to_59,1307
CXB-233,CXB-233_A139,m_18_to_59,890
CXB-233,CXB-233_A139,f_60_plus,77
CXB-233,CXB-233_A139,m_60_plus,107
CXB-233,CXB-233_B140,n_family,990
CXB-233,CXB-233_B140,n_individuals,4239
CXB-233,CXB-233_B140,f_below_1,55
CXB-233,CXB-233_B140,m_below_1,64
CXB-233,CXB-233_B140,f_1_to_4,237
CXB-233,CXB-233_B140,m_1_to_5,230
CXB-233,CXB-233_B140,f_5_to_11,480
CXB-233,CXB-233_B140,m_5_to_11,480
CXB-233,CXB-233_B140,f_12_to_17,340
CXB-233,CXB-233_B140,m_12_to_17,355
CXB-233,CXB-233_B140,f_18_to_59,1064
CXB-233,CXB-233_B140,m_18_to_59,804
CXB-233,CXB-233_B140,f_60_plus,66
CXB-233,CXB-233_B140,m_60_plus,64
CXB-233,CXB-233_C141,n_family,1000
CXB-233,CXB-233_C141,n_individuals,4257
CXB-233,CXB-233_C141,f_below_1,70
CXB-233,CXB-233_C141,m_below_1,50
CXB-233,CXB-233_C141,f_1_to_4,270
CXB-233,CXB-233_C141,m_1_to_5,257
CXB-233,CXB-233_C141,f_5_to_11,494
CXB-233,CXB-233_C141,m_5_to_11,516
CXB-233,CXB-233_C141,f_12_to_17,292
CXB-233,CXB-233_C141,m_12_to_17,308
CXB-233,CXB-233_C141,f_18_to_59,1071
CXB-233,CXB-233_C141,m_18_to_59,796
CXB-233,CXB-233_C141,f_60_plus,59
CXB-233,CXB-233_C141,m_60_plus,74
CXB-233,CXB-233_D142,n_family,607
CXB-233,CXB-233_D142,n_individuals,2603
CXB-233,CXB-233_D142,f_below_1,27
CXB-233,CXB-233_D142,m_below_1,38
CXB-233,CXB-233_D142,f_1_to_4,181
CXB-233,CXB-233_D142,m_1_to_5,172
CXB-233,CXB-233_D142,f_5_to_11,298
CXB-233,CXB-233_D142,m_5_to_11,312
CXB-233,CXB-233_D142,f_12_to_17,167
CXB-233,CXB-233_D142,m_12_to_17,180
CXB-233,CXB-233_D142,f_18_to_59,667
CXB-233,CXB-233_D142,m_18_to_59,483
CXB-233,CXB-233_D142,f_60_plus,35
CXB-233,CXB-233_D142,m_60_plus,43
CXB-233,CXB-233_E143,n_family,686
CXB-233,CXB-233_E143,n_individuals,3581
CXB-233,CXB-233_E143,f_below_1,43
CXB-233,CXB-233_E143,m_below_1,54
CXB-233,CXB-233_E143,f_1_to_4,198
CXB-233,CXB-233_E143,m_1_to_5,215
CXB-233,CXB-233_E143,f_5_to_11,411
CXB-233,CXB-233_E143,m_5_to_11,427
CXB-233,CXB-233_E143,f_12_to_17,226
CXB-233,CXB-233_E143,m_12_to_17,271
CXB-233,CXB-233_E143,f_18_to_59,911
CXB-233,CXB-233_E143,m_18_to_59,706
CXB-233,CXB-233_E143,f_60_plus,53
CXB-233,CXB-233_E143,m_60_plus,66
CXB-233,CXB-233_F144,n_family,741
CXB-233,CXB-233_F144,n_individuals,3405
CXB-233,CXB-233_F144,f_below_1,47
CXB-233,CXB-233_F144,m_below_1,31
CXB-233,CXB-233_F144,f_1_to_4,156
CXB-233,CXB-233_F144,m_1_to_5,209
CXB-233,CXB-233_F144,f_5_to_11,428
CXB-233,CXB-233_F144,m_5_to_11,439
CXB-233,CXB-233_F144,f_12_to_17,250
CXB-233,CXB-233_F144,m_12_to_17,244
CXB-233,CXB-233_F144,f_18_to_59,848
CXB-233,CXB-233_F144,m_18_to_59,641
CXB-233,CXB-233_F144,f_60_plus,46
CXB-233,CXB-233_F144,m_60_plus,66
CXB-233,CXB-233_G145,n_family,488
CXB-233,CXB-233_G145,n_individuals,2240
CXB-233,CXB-233_G145,f_below_1,24
CXB-233,CXB-233_G145,m_below_1,23
CXB-233,CXB-233_G145,f_1_to_4,115
CXB-233,CXB-233_G145,m_1_to_5,117
CXB-233,CXB-233_G145,f_5_to_11,258
CXB-233,CXB-233_G145,m_5_to_11,268
CXB-233,CXB-233_G145,f_12_to_17,168
CXB-233,CXB-233_G145,m_12_to_17,147
CXB-233,CXB-233_G145,f_18_to_59,592
CXB-233,CXB-233_G145,m_18_to_59,425
CXB-233,CXB-233_G145,f_60_plus,47
CXB-233,CXB-233_G145,m_60_plus,56
CXB-017,CXB-017_A146,n_family,523
CXB-017,CXB-017_A146,n_individuals,2537
CXB-017,CXB-017_A146,f_below_1,30
CXB-017,CXB-017_A146,m_below_1,16
CXB-017,CXB-017_A146,f_1_to_4,152
CXB-017,CXB-017_A146,m_1_to_5,119
CXB-017,CXB-017_A146,f_5_to_11,330
CXB-017,CXB-017_A146,m_5_to_11,326
CXB-017,CXB-017_A146,f_12_to_17,172
CXB-017,CXB-017_A146,m_12_to_17,208
CXB-017,CXB-017_A146,f_18_to_59,620
CXB-017,CXB-017_A146,m_18_to_59,466
CXB-017,CXB-017_A146,f_60_plus,48
CXB-017,CXB-017_A146,m_60_plus,50
CXB-017,CXB-017_B147,n_family,796
CXB-017,CXB-017_B147,n_individuals,3903
CXB-017,CXB-017_B147,f_below_1,34
CXB-017,CXB-017_B147,m_below_1,55
CXB-017,CXB-017_B147,f_1_to_4,195
CXB-017,CXB-017_B147,m_1_to_5,227
CXB-017,CXB-017_B147,f_5_to_11,486
CXB-017,CXB-017_B147,m_5_to_11,487
CXB-017,CXB-017_B147,f_12_to_17,281
CXB-017,CXB-017_B147,m_12_to_17,297
CXB-017,CXB-017_B147,f_18_to_59,986
CXB-017,CXB-017_B147,m_18_to_59,728
CXB-017,CXB-017_B147,f_60_plus,61
CXB-017,CXB-017_B147,m_60_plus,66
CXB-025,CXB-025_A148,n_family,600
CXB-025,CXB-025_A148,n_individuals,2550
CXB-025,CXB-025_A148,f_below_1,40
CXB-025,CXB-025_A148,m_below_1,42
CXB-025,CXB-025_A148,f_1_to_4,163
CXB-025,CXB-025_A148,m_1_to_5,155
CXB-025,CXB-025_A148,f_5_to_11,291
CXB-025,CXB-025_A148,m_5_to_11,262
CXB-025,CXB-025_A148,f_12_to_17,173
CXB-025,CXB-025_A148,m_12_to_17,190
CXB-025,CXB-025_A148,f_18_to_59,636
CXB-025,CXB-025_A148,m_18_to_59,491
CXB-025,CXB-025_A148,f_60_plus,54
CXB-025,CXB-025_A148,m_60_plus,53
CXB-025,CXB-025_B149,n_family,776
CXB-025,CXB-025_B149,n_individuals,3090
CXB-025,CXB-025_B149,f_below_1,54
CXB-025,CXB-025_B149,m_below_1,48
CXB-025,CXB-025_B149,f_1_to_4,200
CXB-025,CXB-025_B149,m_1_to_5,206
CXB-025,CXB-025_B149,f_5_to_11,359
CXB-025,CXB-025_B149,m_5_to_11,356
CXB-025,CXB-025_B149,f_12_to_17,182
CXB-025,CXB-025_B149,m_12_to_17,206
CXB-025,CXB-025_B149,f_18_to_59,790
CXB-025,CXB-025_B149,m_18_to_59,579
CXB-025,CXB-025_B149,f_60_plus,50
CXB-025,CXB-025_B149,m_60_plus,60
CXB-025,CXB-025_C150,n_family,553
CXB-025,CXB-025_C150,n_individuals,2294
CXB-025,CXB-025_C150,f_below_1,38
CXB-025,CXB-025_C150,m_below_1,33
CXB-025,CXB-025_C150,f_1_to_4,128
CXB-025,CXB-025_C150,m_1_to_5,133
CXB-025,CXB-025_C150,f_5_to_11,238
CXB-025,CXB-025_C150,m_5_to_11,269
CXB-025,CXB-025_C150,f_12_to_17,170
CXB-025,CXB-025_C150,m_12_to_17,162
CXB-025,CXB-025_C150,f_18_to_59,569
CXB-025,CXB-025_C150,m_18_to_59,463
CXB-025,CXB-025_C150,f_60_plus,41
CXB-025,CXB-025_C150,m_60_plus,50
CXB-025,CXB-025_D151,n_family,1557
CXB-025,CXB-025_D151,n_individuals,6918
CXB-025,CXB-025_D151,f_below_1,79
CXB-025,CXB-025_D151,m_below_1,88
CXB-025,CXB-025_D151,f_1_to_4,436
CXB-025,CXB-025_D151,m_1_to_5,480
CXB-025,CXB-025_D151,f_5_to_11,794
CXB-025,CXB-025_D151,m_5_to_11,831
CXB-025,CXB-025_D151,f_12_to_17,484
CXB-025,CXB-025_D151,m_12_to_17,530
CXB-025,CXB-025_D151,f_18_to_59,1718
CXB-025,CXB-025_D151,m_18_to_59,1253
CXB-025,CXB-025_D151,f_60_plus,94
CXB-025,CXB-025_D151,m_60_plus,131
CXB-025,CXB-025_E152,n_family,1053
CXB-025,CXB-025_E152,n_individuals,4574
CXB-025,CXB-025_E152,f_below_1,69
CXB-025,CXB-025_E152,m_below_1,48
CXB-025,CXB-025_E152,f_1_to_4,294
CXB-025,CXB-025_E152,m_1_to_5,297
CXB-025,CXB-025_E152,f_5_to_11,514
CXB-025,CXB-025_E152,m_5_to_11,535
CXB-025,CXB-025_E152,f_12_to_17,323
CXB-025,CXB-025_E152,m_12_to_17,347
CXB-025,CXB-025_E152,f_18_to_59,1166
CXB-025,CXB-025_E152,m_18_to_59,829
CXB-025,CXB-025_E152,f_60_plus,65
CXB-025,CXB-025_E152,m_60_plus,87
CXB-025,CXB-025_F153,n_family,206
CXB-025,CXB-025_F153,n_individuals,931
CXB-025,CXB-025_F153,f_below_1,24
CXB-025,CXB-025_F153,m_below_1,35
CXB-025,CXB-025_F153,f_1_to_4,69
CXB-025,CXB-025_F153,m_1_to_5,60
CXB-025,CXB-025_F153,f_5_to_11,89
CXB-025,CXB-025_F153,m_5_to_11,119
CXB-025,CXB-025_F153,f_12_to_17,59
CXB-025,CXB-025_F153,m_12_to_17,70
CXB-025,CXB-025_F153,f_18_to_59,227
CXB-025,CXB-025_F153,m_18_to_59,165
CXB-025,CXB-025_F153,f_60_plus,9
CXB-025,CXB-025_F153,m_60_plus,5
CXB-025,CXB-025_G154,n_family,87
CXB-025,CXB-025_G154,n_individuals,389
CXB-025,CXB-025_G154,f_below_1,14
CXB-025,CXB-025_G154,m_below_1,21
CXB-025,CXB-025_G154,f_1_to_4,23
CXB-025,CXB-025_G154,m_1_to_5,24
CXB-025,CXB-025_G154,f_5_to_11,37
CXB-025,CXB-025_G154,m_5_to_11,45
CXB-025,CXB-025_G154,f_12_to_17,19
CXB-025,CXB-025_G154,m_12_to_17,24
CXB-025,CXB-025_G154,f_18_to_59,92
CXB-025,CXB-025_G154,m_18_to_59,80
CXB-025,CXB-025_G154,f_60_plus,3
CXB-025,CXB-025_G154,m_60_plus,7
CXB-025,CXB-025_H155,n_family,1112
CXB-025,CXB-025_H155,n_individuals,4621
CXB-025,CXB-025_H155,f_below_1,47
CXB-025,CXB-025_H155,m_below_1,47
CXB-025,CXB-025_H155,f_1_to_4,313
CXB-025,CXB-025_H155,m_1_to_5,259
CXB-025,CXB-025_H155,f_5_to_11,516
CXB-025,CXB-025_H155,m_5_to_11,542
CXB-025,CXB-025_H155,f_12_to_17,329
CXB-025,CXB-025_H155,m_12_to_17,327
CXB-025,CXB-025_H155,f_18_to_59,1191
CXB-025,CXB-025_H155,m_18_to_59,877
CXB-025,CXB-025_H155,f_60_plus,76
CXB-025,CXB-025_H155,m_60_plus,97
CXB-025,CXB-025_I156,n_family,1224
CXB-025,CXB-025_I156,n_individuals,5325
CXB-025,CXB-025_I156,f_below_1,65
CXB-025,CXB-025_I156,m_below_1,75
CXB-025,CXB-025_I156,f_1_to_4,308
CXB-025,CXB-025_I156,m_1_to_5,361
CXB-025,CXB-025_I156,f_5_to_11,600
CXB-025,CXB-025_I156,m_5_to_11,648
CXB-025,CXB-025_I156,f_12_to_17,348
CXB-025,CXB-025_I156,m_12_to_17,381
CXB-025,CXB-025_I156,f_18_to_59,1325
CXB-025,CXB-025_I156,m_18_to_59,1034
CXB-025,CXB-025_I156,f_60_plus,77
CXB-025,CXB-025_I156,m_60_plus,103
CXB-037,CXB-037_A157,n_family,561
CXB-037,CXB-037_A157,n_individuals,2629
CXB-037,CXB-037_A157,f_below_1,21
CXB-037,CXB-037_A157,m_below_1,25
CXB-037,CXB-037_A157,f_1_to_4,149
CXB-037,CXB-037_A157,m_1_to_5,136
CXB-037,CXB-037_A157,f_5_to_11,290
CXB-037,CXB-037_A157,m_5_to_11,313
CXB-037,CXB-037_A157,f_12_to_17,169
CXB-037,CXB-037_A157,m_12_to_17,191
CXB-037,CXB-037_A157,f_18_to_59,672
CXB-037,CXB-037_A157,m_18_to_59,563
CXB-037,CXB-037_A157,f_60_plus,48
CXB-037,CXB-037_A157,m_60_plus,52
CXB-037,CXB-037_B158,n_family,876
CXB-037,CXB-037_B158,n_individuals,3907
CXB-037,CXB-037_B158,f_below_1,29
CXB-037,CXB-037_B158,m_below_1,47
CXB-037,CXB-037_B158,f_1_to_4,236
CXB-037,CXB-037_B158,m_1_to_5,232
CXB-037,CXB-037_B158,f_5_to_11,461
CXB-037,CXB-037_B158,m_5_to_11,458
CXB-037,CXB-037_B158,f_12_to_17,270
CXB-037,CXB-037_B158,m_12_to_17,287
CXB-037,CXB-037_B158,f_18_to_59,993
CXB-037,CXB-037_B158,m_18_to_59,746
CXB-037,CXB-037_B158,f_60_plus,56
CXB-037,CXB-037_B158,m_60_plus,92
CXB-037,CXB-037_C159,n_family,690
CXB-037,CXB-037_C159,n_individuals,3150
CXB-037,CXB-037_C159,f_below_1,36
CXB-037,CXB-037_C159,m_below_1,30
CXB-037,CXB-037_C159,f_1_to_4,184
CXB-037,CXB-037_C159,m_1_to_5,184
CXB-037,CXB-037_C159,f_5_to_11,345
CXB-037,CXB-037_C159,m_5_to_11,375
CXB-037,CXB-037_C159,f_12_to_17,220
CXB-037,CXB-037_C159,m_12_to_17,247
CXB-037,CXB-037_C159,f_18_to_59,793
CXB-037,CXB-037_C159,m_18_to_59,624
CXB-037,CXB-037_C159,f_60_plus,49
CXB-037,CXB-037_C159,m_60_plus,63
CXB-203,CXB-203_A015,n_family,1253
CXB-203,CXB-203_A015,n_individuals,5429
CXB-203,CXB-203_A015,f_below_1,90
CXB-203,CXB-203_A015,m_below_1,96
CXB-203,CXB-203_A015,f_1_to_4,378
CXB-203,CXB-203_A015,m_1_to_5,364
CXB-203,CXB-203_A015,f_5_to_11,624
CXB-203,CXB-203_A015,m_5_to_11,611
CXB-203,CXB-203_A015,f_12_to_17,356
CXB-203,CXB-203_A015,m_12_to_17,372
CXB-203,CXB-203_A015,f_18_to_59,1368
CXB-203,CXB-203_A015,m_18_to_59,989
CXB-203,CXB-203_A015,f_60_plus,86
CXB-203,CXB-203_A015,m_60_plus,95
CXB-203,CXB-203_B016,n_family,973
CXB-203,CXB-203_B016,n_individuals,4144
CXB-203,CXB-203_B016,f_below_1,67
CXB-203,CXB-203_B016,m_below_1,61
CXB-203,CXB-203_B016,f_1_to_4,262
CXB-203,CXB-203_B016,m_1_to_5,272
CXB-203,CXB-203_B016,f_5_to_11,497
CXB-203,CXB-203_B016,m_5_to_11,466
CXB-203,CXB-203_B016,f_12_to_17,250
CXB-203,CXB-203_B016,m_12_to_17,299
CXB-203,CXB-203_B016,f_18_to_59,1037
CXB-203,CXB-203_B016,m_18_to_59,803
CXB-203,CXB-203_B016,f_60_plus,62
CXB-203,CXB-203_B016,m_60_plus,68
CXB-203,CXB-203_C017,n_family,1142
CXB-203,CXB-203_C017,n_individuals,4750
CXB-203,CXB-203_C017,f_below_1,72
CXB-203,CXB-203_C017,m_below_1,61
CXB-203,CXB-203_C017,f_1_to_4,287
CXB-203,CXB-203_C017,m_1_to_5,336
CXB-203,CXB-203_C017,f_5_to_11,557
CXB-203,CXB-203_C017,m_5_to_11,629
CXB-203,CXB-203_C017,f_12_to_17,305
CXB-203,CXB-203_C017,m_12_to_17,327
CXB-203,CXB-203_C017,f_18_to_59,1176
CXB-203,CXB-203_C017,m_18_to_59,867
CXB-203,CXB-203_C017,f_60_plus,65
CXB-203,CXB-203_C017,m_60_plus,68
CXB-203,CXB-203_D018,n_family,1279
CXB-203,CXB-203_D018,n_individuals,5308
CXB-203,CXB-203_D018,f_below_1,71
CXB-203,CXB-203_D018,m_below_1,82
CXB-203,CXB-203_D018,f_1_to_4,366
CXB-203,CXB-203_D018,m_1_to_5,333
CXB-203,CXB-203_D018,f_5_to_11,628
CXB-203,CXB-203_D018,m_5_to_11,687
CXB-203,CXB-203_D018,f_12_to_17,330
CXB-203,CXB-203_D018,m_12_to_17,338
CXB-203,CXB-203_D018,f_18_to_59,1330
CXB-203,CXB-203_D018,m_18_to_59,978
CXB-203,CXB-203_D018,f_60_plus,79
CXB-203,CXB-203_D018,m_60_plus,86
CXB-203,CXB-203_E019,n_family,1250
CXB-203,CXB-203_E019,n_individuals,5367
CXB-203,CXB-203_E019,f_below_1,75
CXB-203,CXB-203_E019,m_below_1,73
CXB-203,CXB-203_E019,f_1_to_4,365
CXB-203,CXB-203_E019,m_1_to_5,420
CXB-203,CXB-203_E019,f_5_to_11,669
CXB-203,CXB-203_E019,m_5_to_11,629
CXB-203,CXB-203_E019,f_12_to_17,289
CXB-203,CXB-203_E019,m_12_to_17,353
CXB-203,CXB-203_E019,f_18_to_59,1315
CXB-203,CXB-203_E019,m_18_to_59,992
CXB-203,CXB-203_E019,f_60_plus,86
CXB-203,CXB-203_E019,m_60_plus,101
CXB-204,CXB-204_A020,n_family,1304
CXB-204,CXB-204_A020,n_individuals,5582
CXB-204,CXB-204_A020,f_below_1,77
CXB-204,CXB-204_A020,m_below_1,72
CXB-204,CXB-204_A020,f_1_to_4,319
CXB-204,CXB-204_A020,m_1_to_5,351
CXB-204,CXB-204_A020,f_5_to_11,688
CXB-204,CXB-204_A020,m_5_to_11,662
CXB-204,CXB-204_A020,f_12_to_17,395
CXB-204,CXB-204_A020,m_12_to_17,432
CXB-204,CXB-204_A020,f_18_to_59,1387
CXB-204,CXB-204_A020,m_18_to_59,997
CXB-204,CXB-204_A020,f_60_plus,76
CXB-204,CXB-204_A020,m_60_plus,126
CXB-204,CXB-204_B021,n_family,1386
CXB-204,CXB-204_B021,n_individuals,6028
CXB-204,CXB-204_B021,f_below_1,75
CXB-204,CXB-204_B021,m_below_1,88
CXB-204,CXB-204_B021,f_1_to_4,382
CXB-204,CXB-204_B021,m_1_to_5,450
CXB-204,CXB-204_B021,f_5_to_11,726
CXB-204,CXB-204_B021,m_5_to_11,771
CXB-204,CXB-204_B021,f_12_to_17,363
CXB-204,CXB-204_B021,m_12_to_17,405
CXB-204,CXB-204_B021,f_18_to_59,1459
CXB-204,CXB-204_B021,m_18_to_59,1089
CXB-204,CXB-204_B021,f_60_plus,97
CXB-204,CXB-204_B021,m_60_plus,123
CXB-204,CXB-204_C022,n_family,1357
CXB-204,CXB-204_C022,n_individuals,5864
CXB-204,CXB-204_C022,f_below_1,98
CXB-204,CXB-204_C022,m_below_1,96
CXB-204,CXB-204_C022,f_1_to_4,367
CXB-204,CXB-204_C022,m_1_to_5,369
CXB-204,CXB-204_C022,f_5_to_11,667
CXB-204,CXB-204_C022,m_5_to_11,680
CXB-204,CXB-204_C022,f_12_to_17,381
CXB-204,CXB-204_C022,m_12_to_17,377
CXB-204,CXB-204_C022,f_18_to_59,1488
CXB-204,CXB-204_C022,m_18_to_59,1117
CXB-204,CXB-204_C022,f_60_plus,97
CXB-204,CXB-204_C022,m_60_plus,127
CXB-204,CXB-204_D023,n_family,1368
CXB-204,CXB-204_D023,n_individuals,6027
CXB-204,CXB-204_D023,f_below_1,78
CXB-204,CXB-204_D023,m_below_1,107
CXB-204,CXB-204_D023,f_1_to_4,331
CXB-204,CXB-204_D023,m_1_to_5,374
CXB-204,CXB-204_D023,f_5_to_11,712
CXB-204,CXB-204_D023,m_5_to_11,703
CXB-204,CXB-204_D023,f_12_to_17,357
CXB-204,CXB-204_D023,m_12_to_17,414
CXB-204,CXB-204_D023,f_18_to_59,1487
CXB-204,CXB-204_D023,m_18_to_59,1244
CXB-204,CXB-204_D023,f_60_plus,94
CXB-204,CXB-204_D023,m_60_plus,126
CXB-205,CXB-205_A024,n_family,1148
CXB-205,CXB-205_A024,n_individuals,5349
CXB-205,CXB-205_A024,f_below_1,76
CXB-205,CXB-205_A024,m_below_1,86
CXB-205,CXB-205_A024,f_1_to_4,310
CXB-205,CXB-205_A024,m_1_to_5,335
CXB-205,CXB-205_A024,f_5_to_11,622
CXB-205,CXB-205_A024,m_5_to_11,556
CXB-205,CXB-205_A024,f_12_to_17,354
CXB-205,CXB-205_A024,m_12_to_17,403
CXB-205,CXB-205_A024,f_18_to_59,1324
CXB-205,CXB-205_A024,m_18_to_59,1091
CXB-205,CXB-205_A024,f_60_plus,95
CXB-205,CXB-205_A024,m_60_plus,97
CXB-205,CXB-205_B025,n_family,1185
CXB-205,CXB-205_B025,n_individuals,5252
CXB-205,CXB-205_B025,f_below_1,85
CXB-205,CXB-205_B025,m_below_1,72
CXB-205,CXB-205_B025,f_1_to_4,325
CXB-205,CXB-205_B025,m_1_to_5,365
CXB-205,CXB-205_B025,f_5_to_11,589
CXB-205,CXB-205_B025,m_5_to_11,631
CXB-205,CXB-205_B025,f_12_to_17,331
CXB-205,CXB-205_B025,m_12_to_17,352
CXB-205,CXB-205_B025,f_18_to_59,1273
CXB-205,CXB-205_B025,m_18_to_59,1023
CXB-205,CXB-205_B025,f_60_plus,92
CXB-205,CXB-205_B025,m_60_plus,114
CXB-205,CXB-205_C026,n_family,895
CXB-205,CXB-205_C026,n_individuals,3920
CXB-205,CXB-205_C026,f_below_1,48
CXB-205,CXB-205_C026,m_below_1,61
CXB-205,CXB-205_C026,f_1_to_4,262
CXB-205,CXB-205_C026,m_1_to_5,253
CXB-205,CXB-205_C026,f_5_to_11,446
CXB-205,CXB-205_C026,m_5_to_11,459
CXB-205,CXB-205_C026,f_12_to_17,246
CXB-205,CXB-205_C026,m_12_to_17,272
CXB-205,CXB-205_C026,f_18_to_59,972
CXB-205,CXB-205_C026,m_18_to_59,783
CXB-205,CXB-205_C026,f_60_plus,47
CXB-205,CXB-205_C026,m_60_plus,71
CXB-205,CXB-205_D027,n_family,1305
CXB-205,CXB-205_D027,n_individuals,5695
CXB-205,CXB-205_D027,f_below_1,93
CXB-205,CXB-205_D027,m_below_1,102
CXB-205,CXB-205_D027,f_1_to_4,337
CXB-205,CXB-205_D027,m_1_to_5,361
CXB-205,CXB-205_D027,f_5_to_11,628
CXB-205,CXB-205_D027,m_5_to_11,710
CXB-205,CXB-205_D027,f_12_to_17,349
CXB-205,CXB-205_D027,m_12_to_17,398
CXB-205,CXB-205_D027,f_18_to_59,1402
CXB-205,CXB-205_D027,m_18_to_59,1125
CXB-205,CXB-205_D027,f_60_plus,95
CXB-205,CXB-205_D027,m_60_plus,95
CXB-205,CXB-205_E028,n_family,1259
CXB-205,CXB-205_E028,n_individuals,5624
CXB-205,CXB-205_E028,f_below_1,68
CXB-205,CXB-205_E028,m_below_1,84
CXB-205,CXB-205_E028,f_1_to_4,356
CXB-205,CXB-205_E028,m_1_to_5,346
CXB-205,CXB-205_E028,f_5_to_11,611
CXB-205,CXB-205_E028,m_5_to_11,654
CXB-205,CXB-205_E028,f_12_to_17,352
CXB-205,CXB-205_E028,m_12_to_17,418
CXB-205,CXB-205_E028,f_18_to_59,1384
CXB-205,CXB-205_E028,m_18_to_59,1139
CXB-205,CXB-205_E028,f_60_plus,94
CXB-205,CXB-205_E028,m_60_plus,118
CXB-205,CXB-205_F029,n_family,1205
CXB-205,CXB-205_F029,n_individuals,5156
CXB-205,CXB-205_F029,f_below_1,82
CXB-205,CXB-205_F029,m_below_1,85
CXB-205,CXB-205_F029,f_1_to_4,333
CXB-205,CXB-205_F029,m_1_to_5,317
CXB-205,CXB-205_F029,f_5_to_11,548
CXB-205,CXB-205_F029,m_5_to_11,545
CXB-205,CXB-205_F029,f_12_to_17,345
CXB-205,CXB-205_F029,m_12_to_17,373
CXB-205,CXB-205_F029,f_18_to_59,1297
CXB-205,CXB-205_F029,m_18_to_59,1023
CXB-205,CXB-205_F029,f_60_plus,99
CXB-205,CXB-205_F029,m_60_plus,109
CXB-205,CXB-205_G030,n_family,1013
CXB-205,CXB-205_G030,n_individuals,4466
CXB-205,CXB-205_G030,f_below_1,62
CXB-205,CXB-205_G030,m_below_1,65
CXB-205,CXB-205_G030,f_1_to_4,286
CXB-205,CXB-205_G030,m_1_to_5,294
CXB-205,CXB-205_G030,f_5_to_11,507
CXB-205,CXB-205_G030,m_5_to_11,546
CXB-205,CXB-205_G030,f_12_to_17,269
CXB-205,CXB-205_G030,m_12_to_17,305
CXB-205,CXB-205_G030,f_18_to_59,1082
CXB-205,CXB-205_G030,m_18_to_59,882
CXB-205,CXB-205_G030,f_60_plus,82
CXB-205,CXB-205_G030,m_60_plus,86
CXB-206,CXB-206_A031,n_family,1141
CXB-206,CXB-206_A031,n_individuals,5066
CXB-206,CXB-206_A031,f_below_1,78
CXB-206,CXB-206_A031,m_below_1,62
CXB-206,CXB-206_A031,f_1_to_4,311
CXB-206,CXB-206_A031,m_1_to_5,336
CXB-206,CXB-206_A031,f_5_to_11,575
CXB-206,CXB-206_A031,m_5_to_11,578
CXB-206,CXB-206_A031,f_12_to_17,322
CXB-206,CXB-206_A031,m_12_to_17,372
CXB-206,CXB-206_A031,f_18_to_59,1240
CXB-206,CXB-206_A031,m_18_to_59,1023
CXB-206,CXB-206_A031,f_60_plus,76
CXB-206,CXB-206_A031,m_60_plus,93
CXB-206,CXB-206_B032,n_family,1115
CXB-206,CXB-206_B032,n_individuals,4653
CXB-206,CXB-206_B032,f_below_1,84
CXB-206,CXB-206_B032,m_below_1,87
CXB-206,CXB-206_B032,f_1_to_4,296
CXB-206,CXB-206_B032,m_1_to_5,330
CXB-206,CXB-206_B032,f_5_to_11,533
CXB-206,CXB-206_B032,m_5_to_11,526
CXB-206,CXB-206_B032,f_12_to_17,275
CXB-206,CXB-206_B032,m_12_to_17,307
CXB-206,CXB-206_B032,f_18_to_59,1155
CXB-206,CXB-206_B032,m_18_to_59,933
CXB-206,CXB-206_B032,f_60_plus,65
CXB-206,CXB-206_B032,m_60_plus,62
CXB-206,CXB-206_C033,n_family,1019
CXB-206,CXB-206_C033,n_individuals,4261
CXB-206,CXB-206_C033,f_below_1,64
CXB-206,CXB-206_C033,m_below_1,82
CXB-206,CXB-206_C033,f_1_to_4,273
CXB-206,CXB-206_C033,m_1_to_5,286
CXB-206,CXB-206_C033,f_5_to_11,434
CXB-206,CXB-206_C033,m_5_to_11,448
CXB-206,CXB-206_C033,f_12_to_17,284
CXB-206,CXB-206_C033,m_12_to_17,269
CXB-206,CXB-206_C033,f_18_to_59,1116
CXB-206,CXB-206_C033,m_18_to_59,878
CXB-206,CXB-206_C033,f_60_plus,51
CXB-206,CXB-206_C033,m_60_plus,76
CXB-206,CXB-206_D034,n_family,993
CXB-206,CXB-206_D034,n_individuals,4139
CXB-206,CXB-206_D034,f_below_1,68
CXB-206,CXB-206_D034,m_below_1,75
CXB-206,CXB-206_D034,f_1_to_4,254
CXB-206,CXB-206_D034,m_1_to_5,294
CXB-206,CXB-206_D034,f_5_to_11,409
CXB-206,CXB-206_D034,m_5_to_11,497
CXB-206,CXB-206_D034,f_12_to_17,247
CXB-206,CXB-206_D034,m_12_to_17,273
CXB-206,CXB-206_D034,f_18_to_59,1028
CXB-206,CXB-206_D034,m_18_to_59,858
CXB-206,CXB-206_D034,f_60_plus,66
CXB-206,CXB-206_D034,m_60_plus,70
CXB-206,CXB-206_E035,n_family,1166
CXB-206,CXB-206_E035,n_individuals,5109
CXB-206,CXB-206_E035,f_below_1,114
CXB-206,CXB-206_E035,m_below_1,91
CXB-206,CXB-206_E035,f_1_to_4,337
CXB-206,CXB-206_E035,m_1_to_5,356
CXB-206,CXB-206_E035,f_5_to_11,575
CXB-206,CXB-206_E035,m_5_to_11,600
CXB-206,CXB-206_E035,f_12_to_17,302
CXB-206,CXB-206_E035,m_12_to_17,340
CXB-206,CXB-206_E035,f_18_to_59,1256
CXB-206,CXB-206_E035,m_18_to_59,983
CXB-206,CXB-206_E035,f_60_plus,68
CXB-206,CXB-206_E035,m_60_plus,87
CXB-206,CXB-206_F036,n_family,857
CXB-206,CXB-206_F036,n_individuals,3640
CXB-206,CXB-206_F036,f_below_1,83
CXB-206,CXB-206_F036,m_below_1,73
CXB-206,CXB-206_F036,f_1_to_4,219
CXB-206,CXB-206_F036,m_1_to_5,217
CXB-206,CXB-206_F036,f_5_to_11,350
CXB-206,CXB-206_F036,m_5_to_11,404
CXB-206,CXB-206_F036,f_12_to_17,237
CXB-206,CXB-206_F036,m_12_to_17,250
CXB-206,CXB-206_F036,f_18_to_59,947
CXB-206,CXB-206_F036,m_18_to_59,740
CXB-206,CXB-206_F036,f_60_plus,54
CXB-206,CXB-206_F036,m_60_plus,66
CXB-206,CXB-206_G037,n_family,681
CXB-206,CXB-206_G037,n_individuals,2866
CXB-206,CXB-206_G037,f_below_1,56
CXB-206,CXB-206_G037,m_below_1,55
CXB-206,CXB-206_G037,f_1_to_4,193
CXB-206,CXB-206_G037,m_1_to_5,184
CXB-206,CXB-206_G037,f_5_to_11,290
CXB-206,CXB-206_G037,m_5_to_11,340
CXB-206,CXB-206_G037,f_12_to_17,161
CXB-206,CXB-206_G037,m_12_to_17,186
CXB-206,CXB-206_G037,f_18_to_59,728
CXB-206,CXB-206_G037,m_18_to_59,568
CXB-206,CXB-206_G037,f_60_plus,53
CXB-206,CXB-206_G037,m_60_plus,52
CXB-232,CXB-232_B165,n_family,325
CXB-232,CXB-232_B165,n_individuals,1176
CXB-232,CXB-232_B165,f_below_1,29
CXB-232,CXB-232_B165,m_below_1,18
CXB-232,CXB-232_B165,f_1_to_4,95
CXB-232,CXB-232_B165,m_1_to_5,89
CXB-232,CXB-232_B165,f_5_to_11,100
CXB-232,CXB-232_B165,m_5_to_11,124
CXB-232,CXB-232_B165,f_12_to_17,72
CXB-232,CXB-232_B165,m_12_to_17,64
CXB-232,CXB-232_B165,f_18_to_59,280
CXB-232,CXB-232_B165,m_18_to_59,248
CXB-232,CXB-232_B165,f_60_plus,21
CXB-232,CXB-232_B165,m_60_plus,36
CXB-232,CXB-232_C166,n_family,420
CXB-232,CXB-232_C166,n_individuals,1930
CXB-232,CXB-232_C166,f_below_1,46
CXB-232,CXB-232_C166,m_below_1,40
CXB-232,CXB-232_C166,f_1_to_4,149
CXB-232,CXB-232_C166,m_1_to_5,154
CXB-232,CXB-232_C166,f_5_to_11,193
CXB-232,CXB-232_C166,m_5_to_11,207
CXB-232,CXB-232_C166,f_12_to_17,83
CXB-232,CXB-232_C166,m_12_to_17,112
CXB-232,CXB-232_C166,f_18_to_59,471
CXB-232,CXB-232_C166,m_18_to_59,417
CXB-232,CXB-232_C166,f_60_plus,22
CXB-232,CXB-232_C166,m_60_plus,36
CXB-232,CXB-232_D167,n_family,70
CXB-232,CXB-232_D167,n_individuals,308
CXB-232,CXB-232_D167,f_below_1,11
CXB-232,CXB-232_D167,m_below_1,3
CXB-232,CXB-232_D167,f_1_to_4,25
CXB-232,CXB-232_D167,m_1_to_5,21
CXB-232,CXB-232_D167,f_5_to_11,25
CXB-232,CXB-232_D167,m_5_to_11,31
CXB-232,CXB-232_D167,f_12_to_17,14
CXB-232,CXB-232_D167,m_12_to_17,15
CXB-232,CXB-232_D167,f_18_to_59,84
CXB-232,CXB-232_D167,m_18_to_59,63
CXB-232,CXB-232_D167,f_60_plus,3
CXB-232,CXB-232_D167,m_60_plus,13
CXB-232,CXB-232_F161,n_family,34
CXB-232,CXB-232_F161,n_individuals,152
CXB-232,CXB-232_F161,f_below_1,2
CXB-232,CXB-232_F161,m_below_1,4
CXB-232,CXB-232_F161,f_1_to_4,12
CXB-232,CXB-232_F161,m_1_to_5,13
CXB-232,CXB-232_F161,f_5_to_11,13
CXB-232,CXB-232_F161,m_5_to_11,10
CXB-232,CXB-232_F161,f_12_to_17,9
CXB-232,CXB-232_F161,m_12_to_17,12
CXB-232,CXB-232_F161,f_18_to_59,37
CXB-232,CXB-232_F161,m_18_to_59,35
CXB-232,CXB-232_F161,f_60_plus,2
CXB-232,CXB-232_F161,m_60_plus,3
CXB-232,CXB-232_H162,n_family,40
CXB-232,CXB-232_H162,n_individuals,211
CXB-232,CXB-232_H162,f_below_1,6
CXB-232,CXB-232_H162,m_below_1,11
CXB-232,CXB-232_H162,f_1_to_4,15
CXB-232,CXB-232_H162,m_1_to_5,18
CXB-232,CXB-232_H162,f_5_to_11,12
CXB-232,CXB-232_H162,m_5_to_11,23
CXB-232,CXB-232_H162,f_12_to_17,14
CXB-232,CXB-232_H162,m_12_to_17,15
CXB-232,CXB-232_H162,f_18_to_59,51
CXB-232,CXB-232_H162,m_18_to_59,42
CXB-232,CXB-232_H162,f_60_plus,1
CXB-232,CXB-232_H162,m_60_plus,3
CXB-232,CXB-232_I163,n_family,51
CXB-232,CXB-232_I163,n_individuals,238
CXB-232,CXB-232_I163,f_below_1,9
CXB-232,CXB-232_I163,m_below_1,5
CXB-232,CXB-232_I163,f_1_to_4,19
CXB-232,CXB-232_I163,m_1_to_5,17
CXB-232,CXB-232_I163,f_5_to_11,19
CXB-232,CXB-232_I163,m_5_to_11,14
CXB-232,CXB-232_I163,f_12_to_17,4
CXB-232,CXB-232_I163,m_12_to_17,12
CXB-232,CXB-232_I163,f_18_to_59,74
CXB-232,CXB-232_I163,m_18_to_59,58
CXB-232,CXB-232_I163,f_60_plus,3
CXB-232,CXB-232_I163,m_60_plus,4
CXB-209,CXB-209_A038,n_family,1210
CXB-209,CXB-209_A038,n_individuals,5826
CXB-209,CXB-209_A038,f_below_1,78
CXB-209,CXB-209_A038,m_below_1,101
CXB-209,CXB-209_A038,f_1_to_4,442
CXB-209,CXB-209_A038,m_1_to_5,476
CXB-209,CXB-209_A038,f_5_to_11,564
CXB-209,CXB-209_A038,m_5_to_11,623
CXB-209,CXB-209_A038,f_12_to_17,346
CXB-209,CXB-209_A038,m_12_to_17,383
CXB-209,CXB-209_A038,f_18_to_59,1408
CXB-209,CXB-209_A038,m_18_to_59,1187
CXB-209,CXB-209_A038,f_60_plus,95
CXB-209,CXB-209_A038,m_60_plus,123
CXB-209,CXB-209_B039,n_family,1004
CXB-209,CXB-209_B039,n_individuals,4550
CXB-209,CXB-209_B039,f_below_1,78
CXB-209,CXB-209_B039,m_below_1,81
CXB-209,CXB-209_B039,f_1_to_4,369
CXB-209,CXB-209_B039,m_1_to_5,348
CXB-209,CXB-209_B039,f_5_to_11,462
CXB-209,CXB-209_B039,m_5_to_11,471
CXB-209,CXB-209_B039,f_12_to_17,270
CXB-209,CXB-209_B039,m_12_to_17,269
CXB-209,CXB-209_B039,f_18_to_59,1147
CXB-209,CXB-209_B039,m_18_to_59,889
CXB-209,CXB-209_B039,f_60_plus,69
CXB-209,CXB-209_B039,m_60_plus,97
CXB-209,CXB-209_C040,n_family,785
CXB-209,CXB-209_C040,n_individuals,2877
CXB-209,CXB-209_C040,f_below_1,54
CXB-209,CXB-209_C040,m_below_1,62
CXB-209,CXB-209_C040,f_1_to_4,219
CXB-209,CXB-209_C040,m_1_to_5,206
CXB-209,CXB-209_C040,f_5_to_11,287
CXB-209,CXB-209_C040,m_5_to_11,251
CXB-209,CXB-209_C040,f_12_to_17,151
CXB-209,CXB-209_C040,m_12_to_17,189
CXB-209,CXB-209_C040,f_18_to_59,670
CXB-209,CXB-209_C040,m_18_to_59,659
CXB-209,CXB-209_C040,f_60_plus,59
CXB-209,CXB-209_C040,m_60_plus,70
CXB-209,CXB-209_D041,n_family,1050
CXB-209,CXB-209_D041,n_individuals,4175
CXB-209,CXB-209_D041,f_below_1,72
CXB-209,CXB-209_D041,m_below_1,87
CXB-209,CXB-209_D041,f_1_to_4,290
CXB-209,CXB-209_D041,m_1_to_5,316
CXB-209,CXB-209_D041,f_5_to_11,413
CXB-209,CXB-209_D041,m_5_to_11,402
CXB-209,CXB-209_D041,f_12_to_17,203
CXB-209,CXB-209_D041,m_12_to_17,249
CXB-209,CXB-209_D041,f_18_to_59,1039
CXB-209,CXB-209_D041,m_18_to_59,923
CXB-209,CXB-209_D041,f_60_plus,72
CXB-209,CXB-209_D041,m_60_plus,109
CXB-209,CXB-209_E042,n_family,952
CXB-209,CXB-209_E042,n_individuals,4716
CXB-209,CXB-209_E042,f_below_1,73
CXB-209,CXB-209_E042,m_below_1,89
CXB-209,CXB-209_E042,f_1_to_4,372
CXB-209,CXB-209_E042,m_1_to_5,403
CXB-209,CXB-209_E042,f_5_to_11,481
CXB-209,CXB-209_E042,m_5_to_11,525
CXB-209,CXB-209_E042,f_12_to_17,255
CXB-209,CXB-209_E042,m_12_to_17,310
CXB-209,CXB-209_E042,f_18_to_59,1088
CXB-209,CXB-209_E042,m_18_to_59,954
CXB-209,CXB-209_E042,f_60_plus,78
CXB-209,CXB-209_E042,m_60_plus,88
CXB-208,CXB-208_A043,n_family,1140
CXB-208,CXB-208_A043,n_individuals,5706
CXB-208,CXB-208_A043,f_below_1,67
CXB-208,CXB-208_A043,m_below_1,69
CXB-208,CXB-208_A043,f_1_to_4,415
CXB-208,CXB-208_A043,m_1_to_5,407
CXB-208,CXB-208_A043,f_5_to_11,598
CXB-208,CXB-208_A043,m_5_to_11,753
CXB-208,CXB-208_A043,f_12_to_17,343
CXB-208,CXB-208_A043,m_12_to_17,353
CXB-208,CXB-208_A043,f_18_to_59,1339
CXB-208,CXB-208_A043,m_18_to_59,1125
CXB-208,CXB-208_A043,f_60_plus,105
CXB-208,CXB-208_A043,m_60_plus,132
CXB-208,CXB-208_B044,n_family,1023
CXB-208,CXB-208_B044,n_individuals,4781
CXB-208,CXB-208_B044,f_below_1,71
CXB-208,CXB-208_B044,m_below_1,57
CXB-208,CXB-208_B044,f_1_to_4,377
CXB-208,CXB-208_B044,m_1_to_5,333
CXB-208,CXB-208_B044,f_5_to_11,574
CXB-208,CXB-208_B044,m_5_to_11,584
CXB-208,CXB-208_B044,f_12_to_17,281
CXB-208,CXB-208_B044,m_12_to_17,325
CXB-208,CXB-208_B044,f_18_to_59,1117
CXB-208,CXB-208_B044,m_18_to_59,893
CXB-208,CXB-208_B044,f_60_plus,70
CXB-208,CXB-208_B044,m_60_plus,99
CXB-208,CXB-208_C045,n_family,1316
CXB-208,CXB-208_C045,n_individuals,6003
CXB-208,CXB-208_C045,f_below_1,69
CXB-208,CXB-208_C045,m_below_1,64
CXB-208,CXB-208_C045,f_1_to_4,416
CXB-208,CXB-208_C045,m_1_to_5,463
CXB-208,CXB-208_C045,f_5_to_11,683
CXB-208,CXB-208_C045,m_5_to_11,678
CXB-208,CXB-208_C045,f_12_to_17,378
CXB-208,CXB-208_C045,m_12_to_17,403
CXB-208,CXB-208_C045,f_18_to_59,1410
CXB-208,CXB-208_C045,m_18_to_59,1214
CXB-208,CXB-208_C045,f_60_plus,97
CXB-208,CXB-208_C045,m_60_plus,128
CXB-208,CXB-208_D046,n_family,1293
CXB-208,CXB-208_D046,n_individuals,5741
CXB-208,CXB-208_D046,f_below_1,94
CXB-208,CXB-208_D046,m_below_1,78
CXB-208,CXB-208_D046,f_1_to_4,439
CXB-208,CXB-208_D046,m_1_to_5,452
CXB-208,CXB-208_D046,f_5_to_11,599
CXB-208,CXB-208_D046,m_5_to_11,603
CXB-208,CXB-208_D046,f_12_to_17,337
CXB-208,CXB-208_D046,m_12_to_17,356
CXB-208,CXB-208_D046,f_18_to_59,1378
CXB-208,CXB-208_D046,m_18_to_59,1187
CXB-208,CXB-208_D046,f_60_plus,86
CXB-208,CXB-208_D046,m_60_plus,132
CXB-207,CXB-207_A047,n_family,1154
CXB-207,CXB-207_A047,n_individuals,4876
CXB-207,CXB-207_A047,f_below_1,66
CXB-207,CXB-207_A047,m_below_1,64
CXB-207,CXB-207_A047,f_1_to_4,331
CXB-207,CXB-207_A047,m_1_to_5,345
CXB-207,CXB-207_A047,f_5_to_11,468
CXB-207,CXB-207_A047,m_5_to_11,463
CXB-207,CXB-207_A047,f_12_to_17,309
CXB-207,CXB-207_A047,m_12_to_17,292
CXB-207,CXB-207_A047,f_18_to_59,1230
CXB-207,CXB-207_A047,m_18_to_59,1083
CXB-207,CXB-207_A047,f_60_plus,96
CXB-207,CXB-207_A047,m_60_plus,129
CXB-207,CXB-207_B048,n_family,1020
CXB-207,CXB-207_B048,n_individuals,4130
CXB-207,CXB-207_B048,f_below_1,54
CXB-207,CXB-207_B048,m_below_1,64
CXB-207,CXB-207_B048,f_1_to_4,299
CXB-207,CXB-207_B048,m_1_to_5,304
CXB-207,CXB-207_B048,f_5_to_11,451
CXB-207,CXB-207_B048,m_5_to_11,427
CXB-207,CXB-207_B048,f_12_to_17,263
CXB-207,CXB-207_B048,m_12_to_17,256
CXB-207,CXB-207_B048,f_18_to_59,987
CXB-207,CXB-207_B048,m_18_to_59,859
CXB-207,CXB-207_B048,f_60_plus,78
CXB-207,CXB-207_B048,m_60_plus,88
CXB-207,CXB-207_C049,n_family,1104
CXB-207,CXB-207_C049,n_individuals,4969
CXB-207,CXB-207_C049,f_below_1,67
CXB-207,CXB-207_C049,m_below_1,75
CXB-207,CXB-207_C049,f_1_to_4,385
CXB-207,CXB-207_C049,m_1_to_5,397
CXB-207,CXB-207_C049,f_5_to_11,504
CXB-207,CXB-207_C049,m_5_to_11,573
CXB-207,CXB-207_C049,f_12_to_17,260
CXB-207,CXB-207_C049,m_12_to_17,316
CXB-207,CXB-207_C049,f_18_to_59,1207
CXB-207,CXB-207_C049,m_18_to_59,988
CXB-207,CXB-207_C049,f_60_plus,85
CXB-207,CXB-207_C049,m_60_plus,112
CXB-207,CXB-207_D050,n_family,1095
CXB-207,CXB-207_D050,n_individuals,4957
CXB-207,CXB-207_D050,f_below_1,50
CXB-207,CXB-207_D050,m_below_1,68
CXB-207,CXB-207_D050,f_1_to_4,384
CXB-207,CXB-207_D050,m_1_to_5,340
CXB-207,CXB-207_D050,f_5_to_11,501
CXB-207,CXB-207_D050,m_5_to_11,545
CXB-207,CXB-207_D050,f_12_to_17,292
CXB-207,CXB-207_D050,m_12_to_17,327
CXB-207,CXB-207_D050,f_18_to_59,1246
CXB-207,CXB-207_D050,m_18_to_59,1005
CXB-207,CXB-207_D050,f_60_plus,89
CXB-207,CXB-207_D050,m_60_plus,110
CXB-207,CXB-207_E051,n_family,1189
CXB-207,CXB-207_E051,n_individuals,5855
CXB-207,CXB-207_E051,f_below_1,75
CXB-207,CXB-207_E051,m_below_1,74
CXB-207,CXB-207_E051,f_1_to_4,454
CXB-207,CXB-207_E051,m_1_to_5,476
CXB-207,CXB-207_E051,f_5_to_11,643
CXB-207,CXB-207_E051,m_5_to_11,622
CXB-207,CXB-207_E051,f_12_to_17,318
CXB-207,CXB-207_E051,m_12_to_17,396
CXB-207,CXB-207_E051,f_18_to_59,1394
CXB-207,CXB-207_E051,m_18_to_59,1178
CXB-207,CXB-207_E051,f_60_plus,98
CXB-207,CXB-207_E051,m_60_plus,127
CXB-207,CXB-207_F052,n_family,1070
CXB-207,CXB-207_F052,n_individuals,4661
CXB-207,CXB-207_F052,f_below_1,64
CXB-207,CXB-207_F052,m_below_1,77
CXB-207,CXB-207_F052,f_1_to_4,362
CXB-207,CXB-207_F052,m_1_to_5,340
CXB-207,CXB-207_F052,f_5_to_11,532
CXB-207,CXB-207_F052,m_5_to_11,508
CXB-207,CXB-207_F052,f_12_to_17,281
CXB-207,CXB-207_F052,m_12_to_17,295
CXB-207,CXB-207_F052,f_18_to_59,1100
CXB-207,CXB-207_F052,m_18_to_59,935
CXB-207,CXB-207_F052,f_60_plus,71
CXB-207,CXB-207_F052,m_60_plus,96
CXB-207,CXB-207_G053,n_family,1077
CXB-207,CXB-207_G053,n_individuals,5349
CXB-207,CXB-207_G053,f_below_1,72
CXB-207,CXB-207_G053,m_below_1,68
CXB-207,CXB-207_G053,f_1_to_4,380
CXB-207,CXB-207_G053,m_1_to_5,379
CXB-207,CXB-207_G053,f_5_to_11,588
CXB-207,CXB-207_G053,m_5_to_11,632
CXB-207,CXB-207_G053,f_12_to_17,301
CXB-207,CXB-207_G053,m_12_to_17,364
CXB-207,CXB-207_G053,f_18_to_59,1278
CXB-207,CXB-207_G053,m_18_to_59,1074
CXB-207,CXB-207_G053,f_60_plus,75
CXB-207,CXB-207_G053,m_60_plus,138
CXB-210,CXB-210_A054,n_family,2026
CXB-210,CXB-210_A054,n_individuals,9691
CXB-210,CXB-210_A054,f_below_1,96
CXB-210,CXB-210_A054,m_below_1,130
CXB-210,CXB-210_A054,f_1_to_4,621
CXB-210,CXB-210_A054,m_1_to_5,602
CXB-210,CXB-210_A054,f_5_to_11,1070
CXB-210,CXB-210_A054,m_5_to_11,1135
CXB-210,CXB-210_A054,f_12_to_17,646
CXB-210,CXB-210_A054,m_12_to_17,690
CXB-210,CXB-210_A054,f_18_to_59,2395
CXB-210,CXB-210_A054,m_18_to_59,1946
CXB-210,CXB-210_A054,f_60_plus,158
CXB-210,CXB-210_A054,m_60_plus,202
CXB-210,CXB-210_B055,n_family,2177
CXB-210,CXB-210_B055,n_individuals,10328
CXB-210,CXB-210_B055,f_below_1,105
CXB-210,CXB-210_B055,m_below_1,142
CXB-210,CXB-210_B055,f_1_to_4,643
CXB-210,CXB-210_B055,m_1_to_5,648
CXB-210,CXB-210_B055,f_5_to_11,1116
CXB-210,CXB-210_B055,m_5_to_11,1148
CXB-210,CXB-210_B055,f_12_to_17,706
CXB-210,CXB-210_B055,m_12_to_17,751
CXB-210,CXB-210_B055,f_18_to_59,2601
CXB-210,CXB-210_B055,m_18_to_59,2080
CXB-210,CXB-210_B055,f_60_plus,140
CXB-210,CXB-210_B055,m_60_plus,248
CXB-210,CXB-210_C056,n_family,1642
CXB-210,CXB-210_C056,n_individuals,7706
CXB-210,CXB-210_C056,f_below_1,90
CXB-210,CXB-210_C056,m_below_1,92
CXB-210,CXB-210_C056,f_1_to_4,443
CXB-210,CXB-210_C056,m_1_to_5,487
CXB-210,CXB-210_C056,f_5_to_11,808
CXB-210,CXB-210_C056,m_5_to_11,890
CXB-210,CXB-210_C056,f_12_to_17,487
CXB-210,CXB-210_C056,m_12_to_17,564
CXB-210,CXB-210_C056,f_18_to_59,1920
CXB-210,CXB-210_C056,m_18_to_59,1612
CXB-210,CXB-210_C056,f_60_plus,132
CXB-210,CXB-210_C056,m_60_plus,181
CXB-210,CXB-210_D057,n_family,81
CXB-210,CXB-210_D057,n_individuals,339
CXB-210,CXB-210_D057,f_below_1,14
CXB-210,CXB-210_D057,m_below_1,23
CXB-210,CXB-210_D057,f_1_to_4,17
CXB-210,CXB-210_D057,m_1_to_5,15
CXB-210,CXB-210_D057,f_5_to_11,32
CXB-210,CXB-210_D057,m_5_to_11,35
CXB-210,CXB-210_D057,f_12_to_17,14
CXB-210,CXB-210_D057,m_12_to_17,15
CXB-210,CXB-210_D057,f_18_to_59,90
CXB-210,CXB-210_D057,m_18_to_59,69
CXB-210,CXB-210_D057,f_60_plus,7
CXB-210,CXB-210_D057,m_60_plus,8
CXB-210,CXB-210_E058,n_family,115
CXB-210,CXB-210_E058,n_individuals,499
CXB-210,CXB-210_E058,f_below_1,27
CXB-210,CXB-210_E058,m_below_1,20
CXB-210,CXB-210_E058,f_1_to_4,38
CXB-210,CXB-210_E058,m_1_to_5,24
CXB-210,CXB-210_E058,f_5_to_11,41
CXB-210,CXB-210_E058,m_5_to_11,46
CXB-210,CXB-210_E058,f_12_to_17,36
CXB-210,CXB-210_E058,m_12_to_17,25
CXB-210,CXB-210_E058,f_18_to_59,129
CXB-210,CXB-210_E058,m_18_to_59,100
CXB-210,CXB-210_E058,f_60_plus,3
CXB-210,CXB-210_E058,m_60_plus,10
CXB-210,CXB-210_F059,n_family,143
CXB-210,CXB-210_F059,n_individuals,662
CXB-210,CXB-210_F059,f_below_1,20
CXB-210,CXB-210_F059,m_below_1,12
CXB-210,CXB-210_F059,f_1_to_4,40
CXB-210,CXB-210_F059,m_1_to_5,39
CXB-210,CXB-210_F059,f_5_to_11,71
CXB-210,CXB-210_F059,m_5_to_11,64
CXB-210,CXB-210_F059,f_12_to_17,46
CXB-210,CXB-210_F059,m_12_to_17,43
CXB-210,CXB-210_F059,f_18_to_59,167
CXB-210,CXB-210_F059,m_18_to_59,130
CXB-210,CXB-210_F059,f_60_plus,9
CXB-210,CXB-210_F059,m_60_plus,21
CXB-211,CXB-211_A060,n_family,1011
CXB-211,CXB-211_A060,n_individuals,4781
CXB-211,CXB-211_A060,f_below_1,66
CXB-211,CXB-211_A060,m_below_1,79
CXB-211,CXB-211_A060,f_1_to_4,319
CXB-211,CXB-211_A060,m_1_to_5,321
CXB-211,CXB-211_A060,f_5_to_11,530
CXB-211,CXB-211_A060,m_5_to_11,557
CXB-211,CXB-211_A060,f_12_to_17,280
CXB-211,CXB-211_A060,m_12_to_17,357
CXB-211,CXB-211_A060,f_18_to_59,1139
CXB-211,CXB-211_A060,m_18_to_59,953
CXB-211,CXB-211_A060,f_60_plus,82
CXB-211,CXB-211_A060,m_60_plus,98
CXB-211,CXB-211_B061,n_family,1106
CXB-211,CXB-211_B061,n_individuals,5086
CXB-211,CXB-211_B061,f_below_1,72
CXB-211,CXB-211_B061,m_below_1,78
CXB-211,CXB-211_B061,f_1_to_4,344
CXB-211,CXB-211_B061,m_1_to_5,307
CXB-211,CXB-211_B061,f_5_to_11,574
CXB-211,CXB-211_B061,m_5_to_11,581
CXB-211,CXB-211_B061,f_12_to_17,302
CXB-211,CXB-211_B061,m_12_to_17,355
CXB-211,CXB-211_B061,f_18_to_59,1265
CXB-211,CXB-211_B061,m_18_to_59,1038
CXB-211,CXB-211_B061,f_60_plus,75
CXB-211,CXB-211_B061,m_60_plus,95
CXB-211,CXB-211_C062,n_family,1294
CXB-211,CXB-211_C062,n_individuals,6247
CXB-211,CXB-211_C062,f_below_1,78
CXB-211,CXB-211_C062,m_below_1,89
CXB-211,CXB-211_C062,f_1_to_4,454
CXB-211,CXB-211_C062,m_1_to_5,423
CXB-211,CXB-211_C062,f_5_to_11,722
CXB-211,CXB-211_C062,m_5_to_11,718
CXB-211,CXB-211_C062,f_12_to_17,383
CXB-211,CXB-211_C062,m_12_to_17,449
CXB-211,CXB-211_C062,f_18_to_59,1511
CXB-211,CXB-211_C062,m_18_to_59,1217
CXB-211,CXB-211_C062,f_60_plus,83
CXB-211,CXB-211_C062,m_60_plus,120
CXB-211,CXB-211_D063,n_family,1046
CXB-211,CXB-211_D063,n_individuals,4912
CXB-211,CXB-211_D063,f_below_1,74
CXB-211,CXB-211_D063,m_below_1,80
CXB-211,CXB-211_D063,f_1_to_4,335
CXB-211,CXB-211_D063,m_1_to_5,307
CXB-211,CXB-211_D063,f_5_to_11,559
CXB-211,CXB-211_D063,m_5_to_11,576
CXB-211,CXB-211_D063,f_12_to_17,310
CXB-211,CXB-211_D063,m_12_to_17,328
CXB-211,CXB-211_D063,f_18_to_59,1169
CXB-211,CXB-211_D063,m_18_to_59,980
CXB-211,CXB-211_D063,f_60_plus,82
CXB-211,CXB-211_D063,m_60_plus,112
CXB-211,CXB-211_E064,n_family,1064
CXB-211,CXB-211_E064,n_individuals,4878
CXB-211,CXB-211_E064,f_below_1,72
CXB-211,CXB-211_E064,m_below_1,82
CXB-211,CXB-211_E064,f_1_to_4,311
CXB-211,CXB-211_E064,m_1_to_5,376
CXB-211,CXB-211_E064,f_5_to_11,545
CXB-211,CXB-211_E064,m_5_to_11,522
CXB-211,CXB-211_E064,f_12_to_17,311
CXB-211,CXB-211_E064,m_12_to_17,322
CXB-211,CXB-211_E064,f_18_to_59,1189
CXB-211,CXB-211_E064,m_18_to_59,978
CXB-211,CXB-211_E064,f_60_plus,73
CXB-211,CXB-211_E064,m_60_plus,97
CXB-211,CXB-211_F065,n_family,1067
CXB-211,CXB-211_F065,n_individuals,4697
CXB-211,CXB-211_F065,f_below_1,59
CXB-211,CXB-211_F065,m_below_1,72
CXB-211,CXB-211_F065,f_1_to_4,357
CXB-211,CXB-211_F065,m_1_to_5,337
CXB-211,CXB-211_F065,f_5_to_11,494
CXB-211,CXB-211_F065,m_5_to_11,537
CXB-211,CXB-211_F065,f_12_to_17,290
CXB-211,CXB-211_F065,m_12_to_17,301
CXB-211,CXB-211_F065,f_18_to_59,1157
CXB-211,CXB-211_F065,m_18_to_59,930
CXB-211,CXB-211_F065,f_60_plus,74
CXB-211,CXB-211_F065,m_60_plus,89
CXB-213,CXB-213_A066,n_family,1050
CXB-213,CXB-213_A066,n_individuals,4931
CXB-213,CXB-213_A066,f_below_1,79
CXB-213,CXB-213_A066,m_below_1,74
CXB-213,CXB-213_A066,f_1_to_4,337
CXB-213,CXB-213_A066,m_1_to_5,358
CXB-213,CXB-213_A066,f_5_to_11,508
CXB-213,CXB-213_A066,m_5_to_11,568
CXB-213,CXB-213_A066,f_12_to_17,299
CXB-213,CXB-213_A066,m_12_to_17,324
CXB-213,CXB-213_A066,f_18_to_59,1228
CXB-213,CXB-213_A066,m_18_to_59,970
CXB-213,CXB-213_A066,f_60_plus,81
CXB-213,CXB-213_A066,m_60_plus,105
CXB-213,CXB-213_B067,n_family,1032
CXB-213,CXB-213_B067,n_individuals,4623
CXB-213,CXB-213_B067,f_below_1,57
CXB-213,CXB-213_B067,m_below_1,68
CXB-213,CXB-213_B067,f_1_to_4,341
CXB-213,CXB-213_B067,m_1_to_5,336
CXB-213,CXB-213_B067,f_5_to_11,524
CXB-213,CXB-213_B067,m_5_to_11,489
CXB-213,CXB-213_B067,f_12_to_17,295
CXB-213,CXB-213_B067,m_12_to_17,328
CXB-213,CXB-213_B067,f_18_to_59,1127
CXB-213,CXB-213_B067,m_18_to_59,886
CXB-213,CXB-213_B067,f_60_plus,66
CXB-213,CXB-213_B067,m_60_plus,106
CXB-213,CXB-213_C068,n_family,700
CXB-213,CXB-213_C068,n_individuals,3641
CXB-213,CXB-213_C068,f_below_1,48
CXB-213,CXB-213_C068,m_below_1,56
CXB-213,CXB-213_C068,f_1_to_4,269
CXB-213,CXB-213_C068,m_1_to_5,266
CXB-213,CXB-213_C068,f_5_to_11,407
CXB-213,CXB-213_C068,m_5_to_11,404
CXB-213,CXB-213_C068,f_12_to_17,216
CXB-213,CXB-213_C068,m_12_to_17,244
CXB-213,CXB-213_C068,f_18_to_59,889
CXB-213,CXB-213_C068,m_18_to_59,688
CXB-213,CXB-213_C068,f_60_plus,66
CXB-213,CXB-213_C068,m_60_plus,88
CXB-213,CXB-213_D069,n_family,1014
CXB-213,CXB-213_D069,n_individuals,4117
CXB-213,CXB-213_D069,f_below_1,82
CXB-213,CXB-213_D069,m_below_1,75
CXB-213,CXB-213_D069,f_1_to_4,314
CXB-213,CXB-213_D069,m_1_to_5,284
CXB-213,CXB-213_D069,f_5_to_11,431
CXB-213,CXB-213_D069,m_5_to_11,442
CXB-213,CXB-213_D069,f_12_to_17,239
CXB-213,CXB-213_D069,m_12_to_17,270
CXB-213,CXB-213_D069,f_18_to_59,1025
CXB-213,CXB-213_D069,m_18_to_59,819
CXB-213,CXB-213_D069,f_60_plus,55
CXB-213,CXB-213_D069,m_60_plus,81
CXB-213,CXB-213_E070,n_family,800
CXB-213,CXB-213_E070,n_individuals,3140
CXB-213,CXB-213_E070,f_below_1,36
CXB-213,CXB-213_E070,m_below_1,46
CXB-213,CXB-213_E070,f_1_to_4,208
CXB-213,CXB-213_E070,m_1_to_5,199
CXB-213,CXB-213_E070,f_5_to_11,333
CXB-213,CXB-213_E070,m_5_to_11,297
CXB-213,CXB-213_E070,f_12_to_17,191
CXB-213,CXB-213_E070,m_12_to_17,202
CXB-213,CXB-213_E070,f_18_to_59,793
CXB-213,CXB-213_E070,m_18_to_59,680
CXB-213,CXB-213_E070,f_60_plus,77
CXB-213,CXB-213_E070,m_60_plus,78
CXB-213,CXB-213_F071,n_family,1080
CXB-213,CXB-213_F071,n_individuals,5018
CXB-213,CXB-213_F071,f_below_1,61
CXB-213,CXB-213_F071,m_below_1,60
CXB-213,CXB-213_F071,f_1_to_4,291
CXB-213,CXB-213_F071,m_1_to_5,367
CXB-213,CXB-213_F071,f_5_to_11,534
CXB-213,CXB-213_F071,m_5_to_11,552
CXB-213,CXB-213_F071,f_12_to_17,350
CXB-213,CXB-213_F071,m_12_to_17,356
CXB-213,CXB-213_F071,f_18_to_59,1219
CXB-213,CXB-213_F071,m_18_to_59,1027
CXB-213,CXB-213_F071,f_60_plus,90
CXB-213,CXB-213_F071,m_60_plus,111
CXB-213,CXB-213_G072,n_family,1399
CXB-213,CXB-213_G072,n_individuals,7011
CXB-213,CXB-213_G072,f_below_1,72
CXB-213,CXB-213_G072,m_below_1,83
CXB-213,CXB-213_G072,f_1_to_4,441
CXB-213,CXB-213_G072,m_1_to_5,432
CXB-213,CXB-213_G072,f_5_to_11,740
CXB-213,CXB-213_G072,m_5_to_11,759
CXB-213,CXB-213_G072,f_12_to_17,486
CXB-213,CXB-213_G072,m_12_to_17,509
CXB-213,CXB-213_G072,f_18_to_59,1712
CXB-213,CXB-213_G072,m_18_to_59,1458
CXB-213,CXB-213_G072,f_60_plus,135
CXB-213,CXB-213_G072,m_60_plus,184
